time,open,high,low,close,volume
2023-08-25 17:00:00,1643.99000000,1647.50000000,1641.05000000,1642.40000000,4728.45240000
2023-08-25 17:30:00,1642.40000000,1643.45000000,1635.51000000,1642.59000000,10918.98680000
2023-08-25 18:00:00,1642.58000000,1648.51000000,1640.97000000,1647.83000000,4705.51110000
2023-08-25 18:30:00,1647.84000000,1655.65000000,1647.26000000,1654.11000000,4508.22400000
2023-08-25 19:00:00,1654.10000000,1655.49000000,1649.25000000,1650.07000000,5121.09500000
2023-08-25 19:30:00,1650.08000000,1650.37000000,1643.99000000,1647.01000000,3440.87860000
2023-08-25 20:00:00,1647.00000000,1649.60000000,1645.81000000,1647.49000000,2469.91940000
2023-08-25 20:30:00,1647.50000000,1651.19000000,1645.82000000,1650.19000000,2472.73880000
2023-08-25 21:00:00,1650.19000000,1651.40000000,1647.93000000,1649.51000000,2438.74690000
2023-08-25 21:30:00,1649.51000000,1653.49000000,1647.42000000,1651.40000000,4506.62760000
2023-08-25 22:00:00,1651.40000000,1653.17000000,1648.71000000,1649.56000000,3001.30170000
2023-08-25 22:30:00,1649.56000000,1654.15000000,1649.00000000,1653.96000000,2602.95540000
2023-08-25 23:00:00,1653.96000000,1655.00000000,1652.83000000,1654.16000000,2571.00590000
2023-08-25 23:30:00,1654.16000000,1654.95000000,1652.70000000,1653.80000000,1973.89190000
2023-08-26 00:00:00,1653.79000000,1653.93000000,1652.38000000,1653.01000000,1073.19840000
2023-08-26 00:30:00,1653.00000000,1653.50000000,1651.63000000,1652.08000000,1127.28120000
2023-08-26 01:00:00,1652.07000000,1654.95000000,1651.62000000,1653.96000000,3060.52050000
2023-08-26 01:30:00,1653.95000000,1653.96000000,1651.72000000,1651.73000000,1116.20470000
2023-08-26 02:00:00,1651.73000000,1655.17000000,1651.72000000,1652.01000000,1296.16700000
2023-08-26 02:30:00,1652.00000000,1654.50000000,1651.99000000,1654.37000000,1502.56070000
2023-08-26 03:00:00,1654.37000000,1655.50000000,1653.60000000,1655.49000000,1595.98680000
2023-08-26 03:30:00,1655.50000000,1655.59000000,1653.28000000,1654.62000000,1612.08900000
2023-08-26 04:00:00,1654.61000000,1654.77000000,1652.23000000,1652.37000000,1335.74680000
2023-08-26 04:30:00,1652.37000000,1652.93000000,1652.32000000,1652.92000000,680.13550000
2023-08-26 05:00:00,1652.93000000,1653.17000000,1651.72000000,1651.84000000,699.60180000
2023-08-26 05:30:00,1651.84000000,1652.40000000,1651.32000000,1652.28000000,1287.89440000
2023-08-26 06:00:00,1652.27000000,1652.59000000,1650.83000000,1652.58000000,1601.86280000
2023-08-26 06:30:00,1652.58000000,1653.77000000,1652.12000000,1653.69000000,774.14150000
2023-08-26 07:00:00,1653.68000000,1654.15000000,1653.02000000,1653.37000000,798.93970000
2023-08-26 07:30:00,1653.37000000,1653.50000000,1652.81000000,1652.83000000,1139.98590000
2023-08-26 08:00:00,1652.82000000,1654.01000000,1651.60000000,1654.01000000,1711.50750000
2023-08-26 08:30:00,1654.01000000,1654.01000000,1646.66000000,1650.41000000,11457.60580000
2023-08-26 09:00:00,1650.41000000,1650.41000000,1647.53000000,1647.72000000,2099.08210000
2023-08-26 09:30:00,1647.73000000,1650.15000000,1647.53000000,1649.41000000,2814.80440000
2023-08-26 10:00:00,1649.40000000,1650.09000000,1648.83000000,1649.81000000,1404.64810000
2023-08-26 10:30:00,1649.81000000,1650.12000000,1649.00000000,1650.11000000,1169.04680000
2023-08-26 11:00:00,1650.12000000,1650.39000000,1650.02000000,1650.17000000,1248.22550000
2023-08-26 11:30:00,1650.18000000,1650.80000000,1649.71000000,1650.50000000,888.90590000
2023-08-26 12:00:00,1650.50000000,1650.50000000,1647.50000000,1647.82000000,2573.54380000
2023-08-26 12:30:00,1647.82000000,1649.94000000,1646.91000000,1649.94000000,1730.84690000
2023-08-26 13:00:00,1649.94000000,1650.08000000,1649.40000000,1649.58000000,734.62820000
2023-08-26 13:30:00,1649.58000000,1650.53000000,1649.58000000,1650.51000000,1085.82900000
2023-08-26 14:00:00,1650.52000000,1650.74000000,1649.17000000,1649.17000000,935.62350000
2023-08-26 14:30:00,1649.18000000,1652.49000000,1649.17000000,1652.22000000,1831.08570000
2023-08-26 15:00:00,1652.21000000,1653.00000000,1650.93000000,1650.94000000,1588.62900000
2023-08-26 15:30:00,1650.93000000,1651.95000000,1650.86000000,1651.50000000,809.92100000
2023-08-26 16:00:00,1651.51000000,1652.00000000,1650.12000000,1650.22000000,1641.39340000
2023-08-26 16:30:00,1650.23000000,1650.23000000,1646.91000000,1648.40000000,5201.89310000
2023-08-26 17:00:00,1648.40000000,1648.41000000,1644.50000000,1645.39000000,3641.61590000
2023-08-26 17:30:00,1645.40000000,1646.80000000,1644.00000000,1646.41000000,2095.90650000
2023-08-26 18:00:00,1646.41000000,1646.41000000,1644.50000000,1644.78000000,929.34110000
2023-08-26 18:30:00,1644.78000000,1645.93000000,1644.40000000,1645.87000000,751.38700000
2023-08-26 19:00:00,1645.87000000,1645.88000000,1644.01000000,1645.01000000,1076.97320000
2023-08-26 19:30:00,1645.02000000,1646.40000000,1645.01000000,1646.22000000,1110.85180000
2023-08-26 20:00:00,1646.21000000,1647.78000000,1645.80000000,1647.44000000,695.91610000
2023-08-26 20:30:00,1647.44000000,1647.90000000,1645.95000000,1647.50000000,989.95110000
2023-08-26 21:00:00,1647.50000000,1650.50000000,1647.40000000,1650.42000000,1228.93630000
2023-08-26 21:30:00,1650.42000000,1650.42000000,1648.84000000,1649.16000000,1452.23020000
2023-08-26 22:00:00,1649.16000000,1650.20000000,1648.81000000,1649.00000000,929.20350000
2023-08-26 22:30:00,1649.00000000,1649.33000000,1648.10000000,1648.55000000,451.25140000
2023-08-26 23:00:00,1648.54000000,1648.65000000,1645.26000000,1646.69000000,1148.36320000
2023-08-26 23:30:00,1646.69000000,1647.57000000,1646.22000000,1647.04000000,1043.96130000
2023-08-27 00:00:00,1647.03000000,1649.26000000,1646.64000000,1648.97000000,1079.39810000
2023-08-27 00:30:00,1648.98000000,1649.24000000,1647.88000000,1647.92000000,1058.76710000
2023-08-27 01:00:00,1647.91000000,1648.43000000,1646.81000000,1647.87000000,839.80790000
2023-08-27 01:30:00,1647.88000000,1649.76000000,1646.59000000,1649.76000000,2221.56020000
2023-08-27 02:00:00,1649.75000000,1650.50000000,1648.00000000,1648.25000000,1898.90570000
2023-08-27 02:30:00,1648.24000000,1648.25000000,1646.32000000,1646.35000000,1208.90150000
2023-08-27 03:00:00,1646.36000000,1647.50000000,1646.35000000,1647.05000000,667.60620000
2023-08-27 03:30:00,1647.05000000,1647.61000000,1647.05000000,1647.28000000,803.27500000
2023-08-27 04:00:00,1647.27000000,1648.61000000,1647.27000000,1648.60000000,732.29640000
2023-08-27 04:30:00,1648.60000000,1652.09000000,1648.60000000,1652.01000000,3377.86300000
2023-08-27 05:00:00,1652.01000000,1655.28000000,1651.59000000,1652.77000000,4091.84980000
2023-08-27 05:30:00,1652.77000000,1653.35000000,1651.35000000,1651.78000000,1386.14940000
2023-08-27 06:00:00,1651.78000000,1652.22000000,1649.82000000,1650.02000000,1097.10690000
2023-08-27 06:30:00,1650.02000000,1650.46000000,1647.99000000,1650.02000000,2930.01600000
2023-08-27 07:00:00,1650.01000000,1650.02000000,1649.10000000,1649.24000000,1188.25400000
2023-08-27 07:30:00,1649.24000000,1649.51000000,1648.45000000,1648.45000000,979.60410000
2023-08-27 08:00:00,1648.45000000,1650.31000000,1647.38000000,1648.58000000,2149.56550000
2023-08-27 08:30:00,1648.59000000,1652.00000000,1648.28000000,1650.97000000,1961.67700000
2023-08-27 09:00:00,1650.96000000,1651.15000000,1649.00000000,1649.94000000,1990.78600000
2023-08-27 09:30:00,1649.94000000,1651.01000000,1648.24000000,1650.50000000,2941.02350000
2023-08-27 10:00:00,1650.50000000,1652.11000000,1650.49000000,1652.11000000,1098.77060000
2023-08-27 10:30:00,1652.11000000,1652.69000000,1651.07000000,1651.08000000,1292.55060000
2023-08-27 11:00:00,1651.08000000,1651.12000000,1649.97000000,1650.69000000,1295.31870000
2023-08-27 11:30:00,1650.69000000,1650.69000000,1648.99000000,1649.31000000,2015.80030000
2023-08-27 12:00:00,1649.31000000,1649.55000000,1648.43000000,1648.88000000,1509.88700000
2023-08-27 12:30:00,1648.88000000,1651.07000000,1648.88000000,1650.79000000,887.20990000
2023-08-27 13:00:00,1650.79000000,1651.54000000,1650.71000000,1651.54000000,873.78060000
2023-08-27 13:30:00,1651.53000000,1652.56000000,1649.69000000,1651.54000000,1872.57720000
2023-08-27 14:00:00,1651.55000000,1659.39000000,1651.54000000,1655.70000000,8767.43950000
2023-08-27 14:30:00,1655.71000000,1659.29000000,1655.70000000,1657.66000000,3389.90580000
2023-08-27 15:00:00,1657.67000000,1659.85000000,1656.90000000,1658.36000000,2456.99580000
2023-08-27 15:30:00,1658.35000000,1658.70000000,1655.00000000,1655.44000000,1886.16030000
2023-08-27 16:00:00,1655.44000000,1658.25000000,1655.07000000,1657.93000000,1744.57660000
2023-08-27 16:30:00,1657.93000000,1660.01000000,1656.91000000,1659.25000000,2762.21890000
2023-08-27 17:00:00,1659.24000000,1660.24000000,1656.68000000,1656.69000000,1610.06370000
2023-08-27 17:30:00,1656.69000000,1656.69000000,1650.05000000,1651.66000000,3452.99040000
2023-08-27 18:00:00,1651.65000000,1653.65000000,1650.18000000,1653.11000000,1435.45340000
2023-08-27 18:30:00,1653.11000000,1655.59000000,1652.71000000,1654.96000000,1027.71010000
2023-08-27 19:00:00,1654.95000000,1658.81000000,1654.51000000,1657.66000000,1733.58260000
2023-08-27 19:30:00,1657.67000000,1658.50000000,1654.50000000,1655.89000000,1196.81620000
2023-08-27 20:00:00,1655.90000000,1656.41000000,1653.51000000,1654.81000000,1144.90990000
2023-08-27 20:30:00,1654.81000000,1655.12000000,1653.38000000,1654.33000000,844.89640000
2023-08-27 21:00:00,1654.33000000,1657.29000000,1654.12000000,1657.28000000,931.09380000
2023-08-27 21:30:00,1657.28000000,1658.40000000,1651.19000000,1653.37000000,1287.04210000
2023-08-27 22:00:00,1653.37000000,1655.26000000,1652.11000000,1654.72000000,1524.81240000
2023-08-27 22:30:00,1654.73000000,1657.60000000,1654.12000000,1657.43000000,2112.18800000
2023-08-27 23:00:00,1657.42000000,1659.00000000,1656.01000000,1657.41000000,1734.57670000
2023-08-27 23:30:00,1657.41000000,1658.36000000,1656.12000000,1658.33000000,1296.17880000
2023-08-28 00:00:00,1658.33000000,1658.33000000,1653.58000000,1653.99000000,3677.02800000
2023-08-28 00:30:00,1654.00000000,1654.52000000,1649.07000000,1651.62000000,7215.08330000
2023-08-28 01:00:00,1651.63000000,1652.10000000,1648.33000000,1651.91000000,4475.97850000
2023-08-28 01:30:00,1651.91000000,1652.11000000,1648.06000000,1649.03000000,3867.85110000
2023-08-28 02:00:00,1649.04000000,1650.88000000,1648.50000000,1650.81000000,1810.69350000
2023-08-28 02:30:00,1650.80000000,1651.81000000,1649.30000000,1650.59000000,1489.40990000
2023-08-28 03:00:00,1650.58000000,1651.00000000,1649.28000000,1650.72000000,1404.72900000
2023-08-28 03:30:00,1650.72000000,1651.40000000,1649.80000000,1649.90000000,1790.66730000
2023-08-28 04:00:00,1649.89000000,1650.17000000,1648.89000000,1650.16000000,1128.12060000
2023-08-28 04:30:00,1650.15000000,1650.50000000,1649.59000000,1650.11000000,748.12170000
2023-08-28 05:00:00,1650.10000000,1651.76000000,1648.66000000,1648.86000000,1585.86070000
2023-08-28 05:30:00,1648.87000000,1648.87000000,1636.09000000,1642.88000000,17743.71010000
2023-08-28 06:00:00,1642.88000000,1646.63000000,1642.00000000,1643.38000000,2471.36650000
2023-08-28 06:30:00,1643.38000000,1644.40000000,1641.50000000,1643.00000000,2370.20570000
2023-08-28 07:00:00,1643.01000000,1643.79000000,1641.11000000,1641.12000000,1572.91340000
2023-08-28 07:30:00,1641.11000000,1642.11000000,1638.57000000,1641.47000000,2332.98840000
2023-08-28 08:00:00,1641.47000000,1643.42000000,1640.60000000,1640.73000000,2745.04930000
2023-08-28 08:30:00,1640.74000000,1643.50000000,1639.53000000,1642.20000000,2513.99610000
2023-08-28 09:00:00,1642.21000000,1642.21000000,1621.75000000,1636.49000000,25574.00890000
2023-08-28 09:30:00,1636.49000000,1637.93000000,1632.39000000,1634.98000000,4349.82830000
2023-08-28 10:00:00,1634.98000000,1636.49000000,1634.14000000,1636.48000000,1949.10320000
2023-08-28 10:30:00,1636.48000000,1639.38000000,1636.39000000,1638.01000000,2195.13890000
2023-08-28 11:00:00,1638.00000000,1638.82000000,1636.82000000,1636.82000000,2647.45110000
2023-08-28 11:30:00,1636.82000000,1640.67000000,1636.65000000,1640.31000000,2448.92620000
2023-08-28 12:00:00,1640.32000000,1664.34000000,1640.03000000,1657.40000000,23105.37670000
2023-08-28 12:30:00,1657.40000000,1661.52000000,1651.51000000,1655.40000000,8758.22390000
2023-08-28 13:00:00,1655.39000000,1656.38000000,1651.33000000,1652.97000000,3549.42560000
2023-08-28 13:30:00,1652.96000000,1656.03000000,1648.01000000,1649.15000000,4815.75000000
2023-08-28 14:00:00,1649.16000000,1652.00000000,1646.85000000,1650.79000000,5033.20440000
2023-08-28 14:30:00,1650.79000000,1653.29000000,1648.38000000,1651.00000000,4342.58720000
2023-08-28 15:00:00,1650.99000000,1652.48000000,1648.50000000,1651.24000000,3567.11540000
2023-08-28 15:30:00,1651.25000000,1655.14000000,1642.86000000,1648.91000000,8787.60680000
2023-08-28 16:00:00,1648.92000000,1652.23000000,1647.61000000,1650.51000000,6682.44780000
2023-08-28 16:30:00,1650.51000000,1652.49000000,1648.63000000,1651.01000000,3400.51910000
2023-08-28 17:00:00,1651.01000000,1654.96000000,1649.93000000,1651.05000000,3134.77610000
2023-08-28 17:30:00,1651.04000000,1652.77000000,1648.76000000,1649.71000000,2848.68630000
2023-08-28 18:00:00,1649.71000000,1651.63000000,1646.63000000,1650.49000000,2413.14960000
2023-08-28 18:30:00,1650.50000000,1652.08000000,1647.83000000,1651.98000000,1938.08590000
2023-08-28 19:00:00,1651.98000000,1653.00000000,1637.88000000,1643.73000000,11615.63970000
2023-08-28 19:30:00,1643.74000000,1648.09000000,1643.50000000,1646.72000000,3462.93540000
2023-08-28 20:00:00,1646.73000000,1648.36000000,1644.26000000,1648.15000000,1315.69070000
2023-08-28 20:30:00,1648.15000000,1648.67000000,1645.84000000,1646.96000000,1494.32120000
2023-08-28 21:00:00,1646.96000000,1647.76000000,1645.11000000,1647.74000000,1261.88360000
2023-08-28 21:30:00,1647.75000000,1647.81000000,1644.53000000,1646.66000000,2185.01890000
2023-08-28 22:00:00,1646.66000000,1650.00000000,1645.59000000,1649.89000000,2408.70450000
2023-08-28 22:30:00,1649.90000000,1651.64000000,1647.99000000,1650.97000000,2518.46390000
2023-08-28 23:00:00,1650.98000000,1657.26000000,1650.67000000,1654.99000000,3203.78480000
2023-08-28 23:30:00,1654.99000000,1655.53000000,1652.66000000,1653.08000000,2399.38710000
2023-08-29 00:00:00,1653.08000000,1655.50000000,1652.75000000,1652.99000000,3094.22610000
2023-08-29 00:30:00,1652.99000000,1657.39000000,1652.41000000,1656.14000000,2928.00110000
2023-08-29 01:00:00,1656.15000000,1662.32000000,1654.61000000,1658.15000000,8750.64170000
2023-08-29 01:30:00,1658.14000000,1661.73000000,1655.00000000,1655.36000000,4567.99150000
2023-08-29 02:00:00,1655.37000000,1655.79000000,1652.63000000,1653.17000000,2523.71490000
2023-08-29 02:30:00,1653.16000000,1653.88000000,1651.62000000,1653.20000000,2027.66280000
2023-08-29 03:00:00,1653.21000000,1653.98000000,1650.75000000,1651.53000000,3460.14650000
2023-08-29 03:30:00,1651.52000000,1653.31000000,1651.32000000,1652.45000000,1256.32350000
2023-08-29 04:00:00,1652.46000000,1653.22000000,1651.47000000,1653.16000000,1384.74380000
2023-08-29 04:30:00,1653.17000000,1653.62000000,1649.86000000,1650.96000000,2764.97430000
2023-08-29 05:00:00,1650.97000000,1651.82000000,1649.97000000,1650.90000000,2971.53940000
2023-08-29 05:30:00,1650.89000000,1651.61000000,1648.92000000,1650.55000000,2490.22200000
2023-08-29 06:00:00,1650.55000000,1650.56000000,1647.03000000,1647.53000000,2218.82120000
2023-08-29 06:30:00,1647.54000000,1648.38000000,1645.41000000,1646.17000000,2173.52190000
2023-08-29 07:00:00,1646.16000000,1651.77000000,1645.83000000,1649.84000000,7860.67960000
2023-08-29 07:30:00,1649.83000000,1652.85000000,1644.98000000,1647.48000000,18191.67920000
2023-08-29 08:00:00,1647.48000000,1647.92000000,1644.94000000,1646.99000000,3704.69410000
2023-08-29 08:30:00,1647.00000000,1647.95000000,1645.17000000,1645.44000000,3083.06250000
2023-08-29 09:00:00,1645.44000000,1647.69000000,1645.00000000,1647.32000000,2071.49700000
2023-08-29 09:30:00,1647.32000000,1647.54000000,1645.25000000,1645.89000000,2015.46840000
2023-08-29 10:00:00,1645.88000000,1645.89000000,1641.44000000,1643.07000000,4401.52180000
2023-08-29 10:30:00,1643.06000000,1643.98000000,1640.00000000,1643.57000000,2897.95140000
2023-08-29 11:00:00,1643.57000000,1646.82000000,1642.96000000,1644.13000000,2189.28380000
2023-08-29 11:30:00,1644.12000000,1644.13000000,1640.38000000,1642.21000000,1996.28550000
2023-08-29 12:00:00,1642.20000000,1643.02000000,1640.27000000,1642.61000000,3310.08220000
2023-08-29 12:30:00,1642.62000000,1645.84000000,1642.44000000,1645.83000000,2541.43850000
2023-08-29 13:00:00,1645.83000000,1646.39000000,1643.11000000,1643.51000000,1586.14080000
2023-08-29 13:30:00,1643.51000000,1649.29000000,1642.60000000,1645.32000000,3568.08870000
2023-08-29 14:00:00,1645.32000000,1700.20000000,1645.31000000,1695.93000000,63000.71050000
2023-08-29 14:30:00,1695.94000000,1736.50000000,1692.24000000,1721.27000000,93320.74730000
2023-08-29 15:00:00,1721.28000000,1725.73000000,1710.00000000,1719.06000000,32618.94830000
2023-08-29 15:30:00,1719.06000000,1723.50000000,1713.64000000,1714.99000000,19931.89180000
2023-08-29 16:00:00,1715.00000000,1745.84000000,1708.91000000,1735.63000000,64485.94510000
2023-08-29 16:30:00,1735.62000000,1736.73000000,1726.17000000,1734.95000000,16089.09590000
2023-08-29 17:00:00,1734.96000000,1739.43000000,1730.33000000,1738.77000000,11374.07740000
2023-08-29 17:30:00,1738.77000000,1744.59000000,1731.11000000,1733.88000000,12938.39850000
2023-08-29 18:00:00,1733.89000000,1739.84000000,1731.50000000,1738.66000000,5579.09630000
2023-08-29 18:30:00,1738.67000000,1740.36000000,1734.55000000,1735.63000000,6163.46190000
2023-08-29 19:00:00,1735.64000000,1741.51000000,1732.01000000,1736.64000000,10306.45340000
2023-08-29 19:30:00,1736.63000000,1742.11000000,1734.89000000,1735.28000000,12218.14970000
2023-08-29 20:00:00,1735.28000000,1742.29000000,1735.14000000,1741.88000000,8848.74730000
2023-08-29 20:30:00,1741.88000000,1742.00000000,1725.68000000,1726.36000000,12571.85720000
2023-08-29 21:00:00,1726.35000000,1734.22000000,1726.35000000,1731.99000000,5762.85710000
2023-08-29 21:30:00,1732.00000000,1732.93000000,1730.35000000,1732.18000000,1899.81220000
2023-08-29 22:00:00,1732.19000000,1734.83000000,1727.13000000,1729.05000000,3323.89660000
2023-08-29 22:30:00,1729.05000000,1731.15000000,1727.85000000,1729.94000000,2048.54920000
2023-08-29 23:00:00,1729.95000000,1730.11000000,1721.82000000,1724.93000000,5149.53680000
2023-08-29 23:30:00,1724.93000000,1731.98000000,1723.36000000,1729.42000000,4708.44560000
2023-08-30 00:00:00,1729.41000000,1730.85000000,1727.22000000,1728.74000000,3391.57920000
2023-08-30 00:30:00,1728.74000000,1730.93000000,1721.68000000,1722.02000000,4956.99910000
2023-08-30 01:00:00,1722.02000000,1723.02000000,1713.23000000,1717.49000000,9151.55200000
2023-08-30 01:30:00,1717.49000000,1720.34000000,1715.61000000,1718.90000000,3569.30360000
2023-08-30 02:00:00,1718.89000000,1720.00000000,1715.05000000,1715.75000000,6337.74650000
2023-08-30 02:30:00,1715.75000000,1720.17000000,1715.52000000,1716.65000000,2663.09850000
2023-08-30 03:00:00,1716.65000000,1717.68000000,1712.76000000,1716.97000000,5167.17170000
2023-08-30 03:30:00,1716.98000000,1719.70000000,1716.95000000,1718.62000000,2524.58830000
2023-08-30 04:00:00,1718.62000000,1720.88000000,1718.33000000,1718.80000000,2495.66180000
2023-08-30 04:30:00,1718.80000000,1719.56000000,1718.25000000,1719.22000000,1349.75480000
2023-08-30 05:00:00,1719.21000000,1720.08000000,1718.10000000,1718.44000000,1652.29620000
2023-08-30 05:30:00,1718.43000000,1722.20000000,1717.25000000,1720.80000000,2981.89780000
2023-08-30 06:00:00,1720.79000000,1720.80000000,1719.00000000,1720.31000000,1907.54890000
2023-08-30 06:30:00,1720.31000000,1720.55000000,1716.36000000,1717.72000000,2947.62280000
2023-08-30 07:00:00,1717.72000000,1719.34000000,1717.34000000,1719.23000000,2392.52520000
2023-08-30 07:30:00,1719.23000000,1719.24000000,1716.13000000,1717.61000000,2892.83930000
2023-08-30 08:00:00,1717.60000000,1717.79000000,1715.00000000,1716.74000000,2592.74890000
2023-08-30 08:30:00,1716.73000000,1720.00000000,1716.46000000,1719.11000000,2399.25190000
2023-08-30 09:00:00,1719.11000000,1719.12000000,1711.19000000,1712.13000000,4683.07760000
2023-08-30 09:30:00,1712.14000000,1718.45000000,1711.62000000,1715.30000000,4528.59930000
2023-08-30 10:00:00,1715.31000000,1718.33000000,1715.01000000,1718.33000000,1859.49220000
2023-08-30 10:30:00,1718.33000000,1720.55000000,1718.23000000,1719.78000000,3659.64320000
2023-08-30 11:00:00,1719.78000000,1719.98000000,1717.77000000,1718.30000000,3602.51850000
2023-08-30 11:30:00,1718.29000000,1718.83000000,1715.90000000,1716.20000000,3595.77460000
2023-08-30 12:00:00,1716.20000000,1720.00000000,1715.07000000,1719.88000000,4833.98500000
2023-08-30 12:30:00,1719.87000000,1720.53000000,1712.97000000,1717.75000000,6104.50040000
2023-08-30 13:00:00,1717.74000000,1722.23000000,1716.75000000,1720.99000000,5243.41780000
2023-08-30 13:30:00,1721.00000000,1721.90000000,1702.59000000,1718.34000000,16349.33710000
2023-08-30 14:00:00,1718.35000000,1720.16000000,1710.44000000,1712.99000000,7639.44740000
2023-08-30 14:30:00,1712.99000000,1715.04000000,1694.34000000,1702.85000000,22214.68320000
2023-08-30 15:00:00,1702.84000000,1707.24000000,1696.61000000,1703.11000000,9510.98600000
2023-08-30 15:30:00,1703.10000000,1708.56000000,1703.10000000,1703.61000000,4926.78400000
2023-08-30 16:00:00,1703.61000000,1704.48000000,1697.80000000,1702.68000000,5451.10710000
2023-08-30 16:30:00,1702.68000000,1703.14000000,1695.93000000,1700.38000000,6155.39060000
2023-08-30 17:00:00,1700.37000000,1704.12000000,1697.40000000,1703.74000000,4569.07170000
2023-08-30 17:30:00,1703.74000000,1704.56000000,1700.20000000,1700.90000000,1550.34900000
2023-08-30 18:00:00,1700.89000000,1701.16000000,1696.93000000,1696.97000000,3374.54750000
2023-08-30 18:30:00,1696.97000000,1705.21000000,1696.96000000,1704.15000000,1744.36390000
2023-08-30 19:00:00,1704.16000000,1705.02000000,1701.45000000,1701.86000000,2375.81800000
2023-08-30 19:30:00,1701.86000000,1704.79000000,1701.45000000,1701.55000000,2140.50940000
2023-08-30 20:00:00,1701.56000000,1706.00000000,1701.55000000,1705.45000000,2322.64190000
2023-08-30 20:30:00,1705.44000000,1706.07000000,1702.71000000,1703.83000000,1568.11610000
2023-08-30 21:00:00,1703.84000000,1708.34000000,1703.26000000,1703.80000000,3036.70230000
2023-08-30 21:30:00,1703.80000000,1705.53000000,1702.56000000,1703.57000000,1685.59800000
2023-08-30 22:00:00,1703.56000000,1706.78000000,1702.14000000,1702.60000000,1682.62000000
2023-08-30 22:30:00,1702.59000000,1704.33000000,1701.48000000,1701.48000000,1472.88860000
2023-08-30 23:00:00,1701.48000000,1705.50000000,1701.27000000,1705.17000000,2123.15050000
2023-08-30 23:30:00,1705.18000000,1706.60000000,1704.66000000,1705.23000000,1462.13280000
2023-08-31 00:00:00,1705.23000000,1705.23000000,1701.75000000,1702.13000000,1731.09990000
2023-08-31 00:30:00,1702.13000000,1702.36000000,1700.11000000,1701.58000000,1496.01540000
2023-08-31 01:00:00,1701.59000000,1701.59000000,1700.25000000,1701.44000000,1378.26410000
2023-08-31 01:30:00,1701.45000000,1702.25000000,1698.93000000,1699.55000000,2593.77830000
2023-08-31 02:00:00,1699.55000000,1702.00000000,1699.29000000,1699.64000000,1290.87780000
2023-08-31 02:30:00,1699.65000000,1701.13000000,1699.37000000,1699.97000000,1458.04850000
2023-08-31 03:00:00,1699.97000000,1700.85000000,1697.29000000,1697.30000000,1898.98520000
2023-08-31 03:30:00,1697.29000000,1699.28000000,1697.29000000,1699.16000000,1367.45810000
2023-08-31 04:00:00,1699.17000000,1701.74000000,1699.16000000,1701.48000000,1339.02130000
2023-08-31 04:30:00,1701.49000000,1702.95000000,1700.83000000,1701.88000000,1837.73100000
2023-08-31 05:00:00,1701.87000000,1704.05000000,1701.21000000,1703.64000000,1581.58490000
2023-08-31 05:30:00,1703.64000000,1704.71000000,1703.44000000,1704.04000000,1227.55690000
2023-08-31 06:00:00,1704.04000000,1704.99000000,1702.80000000,1702.80000000,1426.75350000
2023-08-31 06:30:00,1702.80000000,1706.68000000,1702.79000000,1704.13000000,2147.07430000
2023-08-31 07:00:00,1704.13000000,1707.32000000,1703.84000000,1706.98000000,2184.71060000
2023-08-31 07:30:00,1706.98000000,1707.04000000,1705.03000000,1706.41000000,2153.88140000
2023-08-31 08:00:00,1706.42000000,1708.36000000,1705.50000000,1705.95000000,2747.11640000
2023-08-31 08:30:00,1705.94000000,1706.33000000,1705.13000000,1706.32000000,1635.03290000
2023-08-31 09:00:00,1706.32000000,1706.35000000,1704.00000000,1704.64000000,1886.35180000
2023-08-31 09:30:00,1704.64000000,1705.24000000,1703.75000000,1704.14000000,1709.39060000
2023-08-31 10:00:00,1704.14000000,1704.84000000,1704.14000000,1704.55000000,956.95830000
2023-08-31 10:30:00,1704.56000000,1705.27000000,1704.54000000,1705.27000000,1235.84300000
2023-08-31 11:00:00,1705.27000000,1717.90000000,1705.26000000,1712.67000000,12717.70290000
2023-08-31 11:30:00,1712.67000000,1729.00000000,1710.29000000,1713.70000000,20862.28230000
2023-08-31 12:00:00,1713.69000000,1714.08000000,1703.30000000,1710.10000000,9967.95060000
2023-08-31 12:30:00,1710.09000000,1711.44000000,1707.81000000,1708.24000000,3642.83590000
2023-08-31 13:00:00,1708.25000000,1708.47000000,1704.02000000,1705.59000000,3770.94930000
2023-08-31 13:30:00,1705.60000000,1708.54000000,1699.03000000,1704.25000000,8229.68570000
2023-08-31 14:00:00,1704.25000000,1704.80000000,1697.14000000,1702.17000000,10216.89570000
2023-08-31 14:30:00,1702.17000000,1705.45000000,1700.79000000,1705.24000000,3553.04790000
2023-08-31 15:00:00,1705.25000000,1705.27000000,1699.51000000,1701.18000000,3302.64580000
2023-08-31 15:30:00,1701.18000000,1701.43000000,1677.51000000,1689.00000000,28611.67710000
2023-08-31 16:00:00,1689.00000000,1689.01000000,1677.38000000,1680.43000000,15420.11390000
2023-08-31 16:30:00,1680.42000000,1680.66000000,1648.41000000,1651.06000000,46217.21200000
2023-08-31 17:00:00,1651.06000000,1659.96000000,1643.12000000,1659.84000000,26307.64060000
2023-08-31 17:30:00,1659.83000000,1662.07000000,1657.32000000,1660.15000000,5952.59860000
2023-08-31 18:00:00,1660.16000000,1664.63000000,1659.06000000,1660.25000000,5099.17150000
2023-08-31 18:30:00,1660.25000000,1660.95000000,1655.43000000,1657.44000000,6911.77440000
2023-08-31 19:00:00,1657.44000000,1658.95000000,1645.00000000,1652.96000000,17126.73730000
2023-08-31 19:30:00,1652.96000000,1658.96000000,1652.96000000,1657.12000000,4100.33740000
2023-08-31 20:00:00,1657.12000000,1657.36000000,1649.80000000,1656.22000000,9225.75900000
2023-08-31 20:30:00,1656.22000000,1656.60000000,1645.81000000,1649.20000000,4746.93690000
2023-08-31 21:00:00,1649.20000000,1649.20000000,1630.00000000,1643.72000000,29323.01090000
2023-08-31 21:30:00,1643.73000000,1650.69000000,1641.31000000,1647.68000000,3642.81250000
2023-08-31 22:00:00,1647.68000000,1649.44000000,1644.52000000,1647.47000000,5210.08120000
2023-08-31 22:30:00,1647.48000000,1649.96000000,1646.24000000,1649.66000000,2892.16960000
2023-08-31 23:00:00,1649.66000000,1649.66000000,1644.02000000,1644.32000000,3812.72040000
2023-08-31 23:30:00,1644.32000000,1646.96000000,1644.04000000,1645.76000000,2369.98320000
2023-09-01 00:00:00,1645.77000000,1652.79000000,1645.23000000,1651.81000000,3861.38640000
2023-09-01 00:30:00,1651.82000000,1654.53000000,1651.00000000,1652.82000000,2993.16540000
2023-09-01 01:00:00,1652.83000000,1653.31000000,1649.54000000,1651.13000000,3921.76730000
2023-09-01 01:30:00,1651.13000000,1651.36000000,1649.22000000,1649.34000000,2035.88620000
2023-09-01 02:00:00,1649.34000000,1651.92000000,1649.28000000,1651.91000000,2244.87570000
2023-09-01 02:30:00,1651.92000000,1652.88000000,1650.00000000,1650.03000000,2251.77950000
2023-09-01 03:00:00,1650.02000000,1650.31000000,1649.02000000,1650.03000000,1772.79110000
2023-09-01 03:30:00,1650.03000000,1653.09000000,1650.03000000,1652.20000000,3862.17570000
2023-09-01 04:00:00,1652.21000000,1653.21000000,1651.37000000,1651.44000000,5718.93880000
2023-09-01 04:30:00,1651.44000000,1651.45000000,1650.26000000,1650.30000000,1353.41800000
2023-09-01 05:00:00,1650.31000000,1650.74000000,1649.03000000,1649.56000000,1399.62280000
2023-09-01 05:30:00,1649.56000000,1649.94000000,1648.44000000,1648.44000000,2077.03390000
2023-09-01 06:00:00,1648.44000000,1649.71000000,1647.20000000,1647.44000000,1868.88450000
2023-09-01 06:30:00,1647.45000000,1647.58000000,1644.20000000,1644.84000000,4356.02610000
2023-09-01 07:00:00,1644.84000000,1646.49000000,1643.45000000,1644.68000000,2834.17820000
2023-09-01 07:30:00,1644.67000000,1646.72000000,1644.67000000,1646.26000000,2235.18660000
2023-09-01 08:00:00,1646.27000000,1648.51000000,1644.07000000,1644.86000000,3140.36710000
2023-09-01 08:30:00,1644.86000000,1646.97000000,1643.35000000,1644.00000000,2173.51290000
2023-09-01 09:00:00,1644.00000000,1647.19000000,1642.22000000,1646.38000000,3841.47270000
2023-09-01 09:30:00,1646.37000000,1646.81000000,1643.91000000,1645.40000000,1934.14880000
2023-09-01 10:00:00,1645.40000000,1645.86000000,1643.93000000,1643.94000000,1545.05630000
2023-09-01 10:30:00,1643.93000000,1645.28000000,1641.56000000,1642.17000000,2248.07460000
2023-09-01 11:00:00,1642.16000000,1644.22000000,1641.15000000,1642.04000000,3347.46660000
2023-09-01 11:30:00,1642.03000000,1648.35000000,1642.03000000,1646.89000000,3565.37380000
2023-09-01 12:00:00,1646.88000000,1652.30000000,1646.88000000,1648.11000000,4515.94030000
2023-09-01 12:30:00,1648.10000000,1651.74000000,1642.41000000,1647.00000000,10175.04760000
2023-09-01 13:00:00,1646.99000000,1647.04000000,1644.32000000,1644.95000000,2271.04660000
2023-09-01 13:30:00,1644.95000000,1646.66000000,1634.66000000,1645.12000000,15682.32950000
2023-09-01 14:00:00,1645.12000000,1645.51000000,1638.67000000,1639.99000000,9207.70230000
2023-09-01 14:30:00,1640.00000000,1640.00000000,1622.01000000,1630.58000000,23211.58880000
2023-09-01 15:00:00,1630.58000000,1641.88000000,1623.85000000,1636.63000000,22878.84500000
2023-09-01 15:30:00,1636.62000000,1639.68000000,1633.74000000,1634.86000000,6553.20650000
2023-09-01 16:00:00,1634.87000000,1636.16000000,1629.00000000,1635.11000000,10218.81330000
2023-09-01 16:30:00,1635.12000000,1637.48000000,1624.38000000,1625.79000000,11392.69320000
2023-09-01 17:00:00,1625.80000000,1626.34000000,1602.33000000,1604.11000000,41578.79250000
2023-09-01 17:30:00,1604.10000000,1611.39000000,1602.74000000,1606.34000000,11987.06790000
2023-09-01 18:00:00,1606.34000000,1611.00000000,1604.74000000,1606.89000000,5564.69770000
2023-09-01 18:30:00,1606.90000000,1628.50000000,1605.36000000,1618.78000000,19562.80850000
2023-09-01 19:00:00,1618.78000000,1619.83000000,1613.33000000,1617.97000000,4444.35150000
2023-09-01 19:30:00,1617.96000000,1619.70000000,1615.55000000,1619.23000000,2962.55460000
2023-09-01 20:00:00,1619.23000000,1626.80000000,1616.24000000,1626.14000000,5716.40140000
2023-09-01 20:30:00,1626.13000000,1638.09000000,1625.79000000,1629.04000000,13646.35560000
2023-09-01 21:00:00,1629.03000000,1632.34000000,1626.00000000,1626.01000000,4241.43890000
2023-09-01 21:30:00,1626.01000000,1630.16000000,1625.10000000,1629.00000000,2862.80450000
2023-09-01 22:00:00,1629.00000000,1629.99000000,1626.50000000,1626.75000000,1974.20580000
2023-09-01 22:30:00,1626.74000000,1628.89000000,1625.89000000,1626.69000000,1304.22340000
2023-09-01 23:00:00,1626.68000000,1628.78000000,1626.10000000,1628.24000000,1052.29060000
2023-09-01 23:30:00,1628.24000000,1631.78000000,1627.66000000,1629.12000000,2818.37360000
2023-09-02 00:00:00,1629.13000000,1633.25000000,1628.03000000,1632.69000000,2466.45420000
2023-09-02 00:30:00,1632.69000000,1634.42000000,1629.16000000,1630.01000000,2311.92880000
2023-09-02 01:00:00,1630.02000000,1632.13000000,1628.81000000,1629.88000000,2443.63410000
2023-09-02 01:30:00,1629.88000000,1631.57000000,1628.51000000,1629.45000000,2200.39970000
2023-09-02 02:00:00,1629.45000000,1632.85000000,1629.25000000,1632.84000000,2729.67180000
2023-09-02 02:30:00,1632.84000000,1632.99000000,1628.68000000,1629.44000000,4108.88520000
2023-09-02 03:00:00,1629.43000000,1632.16000000,1629.43000000,1630.90000000,1622.59360000
2023-09-02 03:30:00,1630.90000000,1633.18000000,1630.63000000,1632.46000000,1598.77020000
2023-09-02 04:00:00,1632.45000000,1632.71000000,1630.70000000,1632.32000000,1914.30730000
2023-09-02 04:30:00,1632.32000000,1632.98000000,1631.08000000,1632.15000000,1360.20340000
2023-09-02 05:00:00,1632.16000000,1636.55000000,1631.32000000,1634.67000000,3335.53430000
2023-09-02 05:30:00,1634.68000000,1636.56000000,1632.82000000,1633.57000000,1896.63850000
2023-09-02 06:00:00,1633.58000000,1634.90000000,1631.42000000,1631.43000000,1199.11640000
2023-09-02 06:30:00,1631.43000000,1632.58000000,1630.31000000,1630.68000000,1941.58400000
2023-09-02 07:00:00,1630.69000000,1632.10000000,1630.22000000,1631.70000000,1262.11360000
2023-09-02 07:30:00,1631.70000000,1632.38000000,1631.46000000,1631.70000000,1074.97340000
2023-09-02 08:00:00,1631.70000000,1633.04000000,1630.27000000,1630.42000000,1814.48880000
2023-09-02 08:30:00,1630.43000000,1632.80000000,1630.18000000,1631.03000000,1767.54050000
2023-09-02 09:00:00,1631.02000000,1634.91000000,1630.19000000,1633.39000000,2369.21240000
2023-09-02 09:30:00,1633.39000000,1634.60000000,1632.34000000,1633.73000000,2137.96050000
2023-09-02 10:00:00,1633.74000000,1634.33000000,1632.96000000,1633.85000000,1303.12170000
2023-09-02 10:30:00,1633.86000000,1636.52000000,1633.41000000,1634.27000000,2451.34470000
2023-09-02 11:00:00,1634.26000000,1635.50000000,1633.65000000,1634.48000000,1963.79020000
2023-09-02 11:30:00,1634.48000000,1636.95000000,1633.44000000,1634.66000000,2732.94840000
2023-09-02 12:00:00,1634.67000000,1635.68000000,1633.33000000,1633.98000000,1862.43980000
2023-09-02 12:30:00,1633.97000000,1635.16000000,1633.66000000,1634.93000000,1465.89460000
2023-09-02 13:00:00,1634.93000000,1635.20000000,1633.47000000,1635.06000000,3213.05950000
2023-09-02 13:30:00,1635.07000000,1639.58000000,1635.06000000,1636.48000000,3993.36890000
2023-09-02 14:00:00,1636.49000000,1638.90000000,1635.24000000,1635.46000000,2682.76180000
2023-09-02 14:30:00,1635.46000000,1639.80000000,1635.45000000,1637.77000000,2893.54740000
2023-09-02 15:00:00,1637.77000000,1645.00000000,1637.21000000,1643.06000000,6093.74900000
2023-09-02 15:30:00,1643.05000000,1644.43000000,1638.44000000,1638.79000000,3031.11360000
2023-09-02 16:00:00,1638.80000000,1640.81000000,1636.85000000,1636.86000000,1934.57370000
2023-09-02 16:30:00,1636.86000000,1637.46000000,1635.19000000,1635.99000000,2016.86350000
2023-09-02 17:00:00,1635.99000000,1638.00000000,1635.54000000,1637.60000000,1599.71270000
2023-09-02 17:30:00,1637.60000000,1638.40000000,1632.36000000,1633.03000000,3555.98520000
2023-09-02 18:00:00,1633.02000000,1634.27000000,1628.21000000,1630.17000000,4109.23330000
2023-09-02 18:30:00,1630.16000000,1632.54000000,1629.52000000,1631.80000000,1724.81550000
2023-09-02 19:00:00,1631.79000000,1633.70000000,1630.86000000,1632.21000000,1447.43250000
2023-09-02 19:30:00,1632.20000000,1635.02000000,1632.04000000,1633.61000000,1224.83240000
2023-09-02 20:00:00,1633.61000000,1634.49000000,1632.95000000,1633.22000000,1177.27820000
2023-09-02 20:30:00,1633.22000000,1634.93000000,1632.94000000,1634.19000000,733.11040000
2023-09-02 21:00:00,1634.19000000,1639.67000000,1633.76000000,1637.72000000,2903.50660000
2023-09-02 21:30:00,1637.71000000,1638.62000000,1635.53000000,1636.12000000,1270.09350000
2023-09-02 22:00:00,1636.12000000,1637.42000000,1635.55000000,1636.60000000,945.96940000
2023-09-02 22:30:00,1636.60000000,1637.21000000,1635.57000000,1636.82000000,868.94680000
2023-09-02 23:00:00,1636.82000000,1638.99000000,1636.22000000,1638.98000000,765.22050000
2023-09-02 23:30:00,1638.97000000,1638.98000000,1636.08000000,1637.03000000,625.22310000
2023-09-03 00:00:00,1637.02000000,1637.38000000,1635.36000000,1635.84000000,1310.94150000
2023-09-03 00:30:00,1635.84000000,1635.85000000,1632.00000000,1635.19000000,3034.10050000
2023-09-03 01:00:00,1635.18000000,1636.38000000,1634.03000000,1634.04000000,1892.25260000
2023-09-03 01:30:00,1634.03000000,1634.63000000,1633.05000000,1633.59000000,1099.57480000
2023-09-03 02:00:00,1633.59000000,1634.96000000,1631.72000000,1634.75000000,1315.12240000
2023-09-03 02:30:00,1634.75000000,1634.75000000,1633.77000000,1634.45000000,782.09310000
2023-09-03 03:00:00,1634.45000000,1635.04000000,1633.68000000,1634.00000000,783.78310000
2023-09-03 03:30:00,1634.00000000,1636.19000000,1633.68000000,1636.18000000,779.96540000
2023-09-03 04:00:00,1636.19000000,1636.52000000,1635.46000000,1635.66000000,1230.83910000
2023-09-03 04:30:00,1635.66000000,1635.89000000,1634.78000000,1635.36000000,516.63880000
2023-09-03 05:00:00,1635.36000000,1636.14000000,1634.70000000,1636.13000000,669.54350000
2023-09-03 05:30:00,1636.14000000,1637.42000000,1634.47000000,1636.10000000,1074.58450000
2023-09-03 06:00:00,1636.11000000,1636.67000000,1635.89000000,1636.39000000,675.75370000
2023-09-03 06:30:00,1636.40000000,1639.20000000,1635.85000000,1636.28000000,2728.44400000
2023-09-03 07:00:00,1636.28000000,1636.37000000,1634.85000000,1634.86000000,1317.91250000
2023-09-03 07:30:00,1634.86000000,1636.27000000,1634.01000000,1635.59000000,2012.32120000
2023-09-03 08:00:00,1635.58000000,1636.09000000,1632.90000000,1634.06000000,2585.77110000
2023-09-03 08:30:00,1634.06000000,1635.00000000,1631.06000000,1632.10000000,3465.45470000
2023-09-03 09:00:00,1632.11000000,1634.50000000,1631.74000000,1634.24000000,1110.32480000
2023-09-03 09:30:00,1634.24000000,1634.25000000,1633.15000000,1633.22000000,983.15630000
2023-09-03 10:00:00,1633.22000000,1633.39000000,1632.16000000,1633.38000000,1310.26650000
2023-09-03 10:30:00,1633.38000000,1634.57000000,1633.37000000,1634.57000000,1253.82840000
2023-09-03 11:00:00,1634.56000000,1634.81000000,1633.38000000,1633.80000000,837.20470000
2023-09-03 11:30:00,1633.80000000,1634.45000000,1633.20000000,1634.39000000,1035.33920000
2023-09-03 12:00:00,1634.38000000,1636.35000000,1631.93000000,1636.34000000,4543.35090000
2023-09-03 12:30:00,1636.35000000,1641.08000000,1631.20000000,1632.28000000,7901.11610000
2023-09-03 13:00:00,1632.27000000,1634.65000000,1628.17000000,1634.61000000,6492.50490000
2023-09-03 13:30:00,1634.60000000,1636.59000000,1634.00000000,1634.00000000,1822.43950000
2023-09-03 14:00:00,1634.01000000,1636.41000000,1633.49000000,1635.15000000,1815.69760000
2023-09-03 14:30:00,1635.15000000,1638.40000000,1635.15000000,1636.13000000,2124.31550000
2023-09-03 15:00:00,1636.13000000,1636.30000000,1634.13000000,1634.77000000,1979.90030000
2023-09-03 15:30:00,1634.76000000,1635.70000000,1631.40000000,1633.15000000,2482.64380000
2023-09-03 16:00:00,1633.14000000,1634.68000000,1632.10000000,1633.01000000,1882.08610000
2023-09-03 16:30:00,1633.01000000,1633.72000000,1625.14000000,1627.92000000,7346.95210000
2023-09-03 17:00:00,1627.92000000,1629.89000000,1627.09000000,1627.76000000,1785.14780000
2023-09-03 17:30:00,1627.77000000,1632.26000000,1627.76000000,1631.36000000,1729.69390000
2023-09-03 18:00:00,1631.36000000,1643.36000000,1631.02000000,1636.03000000,10278.07970000
2023-09-03 18:30:00,1636.03000000,1640.27000000,1635.58000000,1636.85000000,3675.96800000
2023-09-03 19:00:00,1636.84000000,1638.73000000,1636.60000000,1637.45000000,1760.40740000
2023-09-03 19:30:00,1637.46000000,1640.50000000,1635.70000000,1639.01000000,2919.89650000
2023-09-03 20:00:00,1639.00000000,1640.32000000,1636.80000000,1638.90000000,2841.97520000
2023-09-03 20:30:00,1638.89000000,1647.50000000,1637.93000000,1642.85000000,7060.26430000
2023-09-03 21:00:00,1642.85000000,1645.81000000,1637.06000000,1640.24000000,4897.21730000
2023-09-03 21:30:00,1640.25000000,1640.88000000,1636.00000000,1636.72000000,1903.59130000
2023-09-03 22:00:00,1636.72000000,1637.96000000,1635.78000000,1636.32000000,1562.39020000
2023-09-03 22:30:00,1636.32000000,1636.94000000,1633.38000000,1635.78000000,1841.27640000
2023-09-03 23:00:00,1635.77000000,1636.10000000,1634.33000000,1635.30000000,1221.75140000
2023-09-03 23:30:00,1635.30000000,1637.16000000,1635.29000000,1635.84000000,1093.40360000
2023-09-04 00:00:00,1635.84000000,1636.21000000,1635.07000000,1635.97000000,1230.78400000
2023-09-04 00:30:00,1635.96000000,1636.68000000,1634.12000000,1634.89000000,1699.28900000
2023-09-04 01:00:00,1634.89000000,1636.49000000,1633.06000000,1633.22000000,1274.60010000
2023-09-04 01:30:00,1633.22000000,1633.73000000,1632.30000000,1633.13000000,1540.32160000
2023-09-04 02:00:00,1633.13000000,1634.31000000,1632.74000000,1633.23000000,1375.16570000
2023-09-04 02:30:00,1633.22000000,1641.33000000,1633.22000000,1638.74000000,2816.09880000
2023-09-04 03:00:00,1638.74000000,1644.82000000,1638.15000000,1639.09000000,4466.02180000
2023-09-04 03:30:00,1639.10000000,1639.71000000,1637.68000000,1637.68000000,1442.43270000
2023-09-04 04:00:00,1637.69000000,1639.00000000,1637.13000000,1637.90000000,1839.99700000
2023-09-04 04:30:00,1637.90000000,1639.49000000,1637.52000000,1638.36000000,1957.51650000
2023-09-04 05:00:00,1638.36000000,1639.55000000,1637.45000000,1638.49000000,2437.36960000
2023-09-04 05:30:00,1638.49000000,1638.50000000,1635.16000000,1635.41000000,1740.63640000
2023-09-04 06:00:00,1635.40000000,1638.82000000,1634.41000000,1638.52000000,5352.35290000
2023-09-04 06:30:00,1638.53000000,1638.89000000,1636.90000000,1637.45000000,1878.18200000
2023-09-04 07:00:00,1637.46000000,1640.41000000,1637.45000000,1639.09000000,2230.63210000
2023-09-04 07:30:00,1639.09000000,1640.37000000,1638.62000000,1638.97000000,2324.71330000
2023-09-04 08:00:00,1638.97000000,1640.63000000,1638.92000000,1639.29000000,2265.05440000
2023-09-04 08:30:00,1639.30000000,1640.07000000,1638.19000000,1639.22000000,3184.59990000
2023-09-04 09:00:00,1639.22000000,1640.69000000,1638.31000000,1639.03000000,2951.48110000
2023-09-04 09:30:00,1639.02000000,1639.35000000,1635.03000000,1637.14000000,5018.37240000
2023-09-04 10:00:00,1637.14000000,1637.22000000,1635.18000000,1635.67000000,2399.13250000
2023-09-04 10:30:00,1635.67000000,1637.25000000,1633.64000000,1635.20000000,5595.65720000
2023-09-04 11:00:00,1635.20000000,1636.31000000,1631.14000000,1632.02000000,4415.78040000
2023-09-04 11:30:00,1632.02000000,1634.59000000,1631.17000000,1632.15000000,2321.67780000
2023-09-04 12:00:00,1632.15000000,1633.01000000,1630.04000000,1633.00000000,3466.10070000
2023-09-04 12:30:00,1633.01000000,1633.20000000,1628.15000000,1630.56000000,3872.98330000
2023-09-04 13:00:00,1630.56000000,1634.75000000,1629.88000000,1634.62000000,2642.20710000
2023-09-04 13:30:00,1634.63000000,1635.00000000,1632.56000000,1632.73000000,3811.06790000
2023-09-04 14:00:00,1632.72000000,1634.06000000,1631.82000000,1632.23000000,2152.38510000
2023-09-04 14:30:00,1632.23000000,1633.28000000,1628.71000000,1629.84000000,2767.04690000
2023-09-04 15:00:00,1629.85000000,1629.85000000,1618.60000000,1625.85000000,14043.01020000
2023-09-04 15:30:00,1625.84000000,1634.66000000,1624.33000000,1626.21000000,8907.83190000
2023-09-04 16:00:00,1626.21000000,1629.76000000,1625.51000000,1628.86000000,4340.29640000
2023-09-04 16:30:00,1628.85000000,1629.15000000,1626.78000000,1628.83000000,3613.36890000
2023-09-04 17:00:00,1628.83000000,1635.91000000,1627.60000000,1632.52000000,3579.20630000
2023-09-04 17:30:00,1632.51000000,1632.96000000,1630.38000000,1630.42000000,3521.64960000
2023-09-04 18:00:00,1630.42000000,1631.42000000,1629.54000000,1630.30000000,1638.83730000
2023-09-04 18:30:00,1630.29000000,1632.88000000,1629.69000000,1631.19000000,2503.23340000
2023-09-04 19:00:00,1631.20000000,1631.20000000,1627.87000000,1628.26000000,2042.08620000
2023-09-04 19:30:00,1628.25000000,1632.72000000,1628.12000000,1631.34000000,1288.96040000
2023-09-04 20:00:00,1631.35000000,1632.39000000,1630.01000000,1630.04000000,1315.81740000
2023-09-04 20:30:00,1630.04000000,1630.78000000,1627.00000000,1628.65000000,2635.50500000
2023-09-04 21:00:00,1628.64000000,1629.20000000,1621.48000000,1624.56000000,9768.20030000
2023-09-04 21:30:00,1624.56000000,1628.00000000,1618.57000000,1620.96000000,5024.85330000
2023-09-04 22:00:00,1620.95000000,1623.97000000,1616.32000000,1621.37000000,7122.64260000
2023-09-04 22:30:00,1621.38000000,1624.63000000,1619.91000000,1624.32000000,2289.93970000
2023-09-04 23:00:00,1624.32000000,1626.20000000,1623.68000000,1625.79000000,1852.41710000
2023-09-04 23:30:00,1625.80000000,1632.80000000,1624.68000000,1630.51000000,10053.38940000
2023-09-05 00:00:00,1630.52000000,1631.32000000,1625.67000000,1626.50000000,4798.52050000
2023-09-05 00:30:00,1626.50000000,1628.39000000,1625.03000000,1626.09000000,1877.95870000
2023-09-05 01:00:00,1626.09000000,1626.74000000,1624.00000000,1625.35000000,1857.37380000
2023-09-05 01:30:00,1625.35000000,1626.75000000,1623.24000000,1623.34000000,1465.18310000
2023-09-05 02:00:00,1623.34000000,1624.06000000,1621.97000000,1622.13000000,2409.30420000
2023-09-05 02:30:00,1622.13000000,1623.20000000,1617.49000000,1618.24000000,7491.85440000
2023-09-05 03:00:00,1618.24000000,1618.58000000,1609.69000000,1612.93000000,9778.70100000
2023-09-05 03:30:00,1612.94000000,1618.37000000,1612.70000000,1618.18000000,5163.73000000
2023-09-05 04:00:00,1618.19000000,1620.83000000,1618.17000000,1620.37000000,14262.58390000
2023-09-05 04:30:00,1620.37000000,1623.62000000,1620.36000000,1622.63000000,7195.50630000
2023-09-05 05:00:00,1622.63000000,1624.63000000,1622.00000000,1623.32000000,2875.84450000
2023-09-05 05:30:00,1623.31000000,1627.94000000,1622.00000000,1625.52000000,4943.37950000
2023-09-05 06:00:00,1625.52000000,1625.53000000,1623.62000000,1623.62000000,1557.08990000
2023-09-05 06:30:00,1623.63000000,1624.00000000,1622.00000000,1622.01000000,2967.10920000
2023-09-05 07:00:00,1622.00000000,1624.25000000,1622.00000000,1624.24000000,2445.52760000
2023-09-05 07:30:00,1624.24000000,1626.51000000,1622.97000000,1625.01000000,2462.20010000
2023-09-05 08:00:00,1625.02000000,1629.33000000,1623.19000000,1623.46000000,3779.08200000
2023-09-05 08:30:00,1623.47000000,1624.59000000,1620.84000000,1624.59000000,3857.81810000
2023-09-05 09:00:00,1624.59000000,1628.17000000,1623.89000000,1626.08000000,3707.97150000
2023-09-05 09:30:00,1626.09000000,1636.12000000,1626.08000000,1631.97000000,7728.57240000
2023-09-05 10:00:00,1631.96000000,1638.74000000,1631.96000000,1635.36000000,4885.11010000
2023-09-05 10:30:00,1635.36000000,1636.04000000,1632.79000000,1633.54000000,3154.25480000
2023-09-05 11:00:00,1633.54000000,1634.71000000,1632.30000000,1634.61000000,1947.89590000
2023-09-05 11:30:00,1634.62000000,1636.34000000,1633.72000000,1635.55000000,2758.13240000
2023-09-05 12:00:00,1635.56000000,1636.32000000,1630.18000000,1631.90000000,4959.32580000
2023-09-05 12:30:00,1631.89000000,1639.56000000,1629.99000000,1637.59000000,7358.72340000
2023-09-05 13:00:00,1637.58000000,1638.56000000,1633.75000000,1634.40000000,4532.13000000
2023-09-05 13:30:00,1634.41000000,1634.71000000,1630.46000000,1630.83000000,3261.06920000
2023-09-05 14:00:00,1630.82000000,1633.16000000,1628.81000000,1629.74000000,3141.43110000
2023-09-05 14:30:00,1629.74000000,1631.39000000,1625.96000000,1630.35000000,4396.53720000
2023-09-05 15:00:00,1630.35000000,1648.02000000,1630.35000000,1633.55000000,21598.18580000
2023-09-05 15:30:00,1633.55000000,1639.53000000,1633.08000000,1636.62000000,5867.98370000
2023-09-05 16:00:00,1636.62000000,1640.56000000,1635.60000000,1637.31000000,5076.46690000
2023-09-05 16:30:00,1637.31000000,1643.45000000,1636.32000000,1636.64000000,5881.78790000
2023-09-05 17:00:00,1636.65000000,1637.50000000,1634.05000000,1635.11000000,3623.73630000
2023-09-05 17:30:00,1635.12000000,1638.77000000,1635.11000000,1636.01000000,2027.04910000
2023-09-05 18:00:00,1636.00000000,1636.80000000,1633.40000000,1633.63000000,1972.74940000
2023-09-05 18:30:00,1633.63000000,1637.65000000,1633.50000000,1636.71000000,2821.95090000
2023-09-05 19:00:00,1636.70000000,1639.17000000,1635.17000000,1635.17000000,2745.11530000
2023-09-05 19:30:00,1635.18000000,1637.33000000,1632.22000000,1632.37000000,2964.31450000
2023-09-05 20:00:00,1632.36000000,1633.62000000,1630.09000000,1631.59000000,2953.94280000
2023-09-05 20:30:00,1631.60000000,1632.47000000,1626.91000000,1629.91000000,4569.43560000
2023-09-05 21:00:00,1629.90000000,1632.42000000,1629.67000000,1632.41000000,1875.98120000
2023-09-05 21:30:00,1632.42000000,1633.59000000,1629.80000000,1630.28000000,1830.19710000
2023-09-05 22:00:00,1630.29000000,1631.80000000,1629.93000000,1631.56000000,1522.70060000
2023-09-05 22:30:00,1631.55000000,1631.98000000,1630.13000000,1631.75000000,1529.13050000
2023-09-05 23:00:00,1631.74000000,1633.62000000,1631.65000000,1632.92000000,1138.64690000
2023-09-05 23:30:00,1632.92000000,1634.46000000,1632.39000000,1634.45000000,1346.19560000
2023-09-06 00:00:00,1634.46000000,1635.27000000,1633.05000000,1633.05000000,1971.87580000
2023-09-06 00:30:00,1633.06000000,1633.73000000,1631.68000000,1633.73000000,2709.85390000
2023-09-06 01:00:00,1633.72000000,1635.93000000,1633.09000000,1634.15000000,2171.96040000
2023-09-06 01:30:00,1634.14000000,1634.24000000,1632.96000000,1633.59000000,1215.41600000
2023-09-06 02:00:00,1633.58000000,1637.21000000,1632.90000000,1635.52000000,1389.53680000
2023-09-06 02:30:00,1635.51000000,1640.24000000,1635.51000000,1639.42000000,4534.60800000
2023-09-06 03:00:00,1639.43000000,1640.31000000,1636.23000000,1636.23000000,3366.60550000
2023-09-06 03:30:00,1636.24000000,1636.37000000,1633.36000000,1633.49000000,2185.23660000
2023-09-06 04:00:00,1633.49000000,1633.76000000,1632.26000000,1633.00000000,3045.73220000
2023-09-06 04:30:00,1633.00000000,1633.80000000,1630.42000000,1630.82000000,2114.36550000
2023-09-06 05:00:00,1630.83000000,1631.60000000,1628.74000000,1629.63000000,2154.26300000
2023-09-06 05:30:00,1629.63000000,1629.64000000,1628.58000000,1628.93000000,1340.16200000
2023-09-06 06:00:00,1628.93000000,1631.63000000,1627.92000000,1630.38000000,4059.41280000
2023-09-06 06:30:00,1630.39000000,1631.20000000,1629.67000000,1630.61000000,4431.24390000
2023-09-06 07:00:00,1630.62000000,1630.74000000,1629.30000000,1630.55000000,3011.20060000
2023-09-06 07:30:00,1630.54000000,1631.65000000,1629.40000000,1629.41000000,3477.41260000
2023-09-06 08:00:00,1629.41000000,1630.58000000,1628.63000000,1629.82000000,3126.64370000
2023-09-06 08:30:00,1629.83000000,1632.10000000,1629.82000000,1631.45000000,1573.88230000
2023-09-06 09:00:00,1631.46000000,1632.54000000,1629.48000000,1630.54000000,2102.96190000
2023-09-06 09:30:00,1630.55000000,1633.34000000,1630.54000000,1632.43000000,1404.95020000
2023-09-06 10:00:00,1632.44000000,1633.91000000,1632.10000000,1633.14000000,1088.70600000
2023-09-06 10:30:00,1633.15000000,1634.32000000,1631.50000000,1631.63000000,2017.49970000
2023-09-06 11:00:00,1631.63000000,1635.49000000,1631.57000000,1635.34000000,1583.87270000
2023-09-06 11:30:00,1635.35000000,1636.36000000,1631.71000000,1632.71000000,2986.97520000
2023-09-06 12:00:00,1632.71000000,1634.20000000,1632.40000000,1634.14000000,2165.34240000
2023-09-06 12:30:00,1634.14000000,1634.86000000,1631.00000000,1632.39000000,2033.49080000
2023-09-06 13:00:00,1632.38000000,1633.89000000,1630.12000000,1631.26000000,2511.39550000
2023-09-06 13:30:00,1631.27000000,1635.65000000,1630.03000000,1632.45000000,3824.82330000
2023-09-06 14:00:00,1632.46000000,1632.67000000,1621.81000000,1621.81000000,13689.51970000
2023-09-06 14:30:00,1621.82000000,1625.00000000,1619.56000000,1624.35000000,5640.12810000
2023-09-06 15:00:00,1624.34000000,1625.36000000,1619.61000000,1624.21000000,4764.32390000
2023-09-06 15:30:00,1624.22000000,1627.24000000,1623.44000000,1623.44000000,3477.57700000
2023-09-06 16:00:00,1623.44000000,1625.31000000,1621.40000000,1622.62000000,6634.75250000
2023-09-06 16:30:00,1622.62000000,1625.88000000,1622.12000000,1623.49000000,3220.13750000
2023-09-06 17:00:00,1623.48000000,1623.60000000,1609.20000000,1621.85000000,21494.29900000
2023-09-06 17:30:00,1621.85000000,1670.00000000,1620.10000000,1646.23000000,37586.82490000
2023-09-06 18:00:00,1646.24000000,1655.55000000,1624.27000000,1630.83000000,26533.08420000
2023-09-06 18:30:00,1630.83000000,1635.37000000,1627.33000000,1628.09000000,7017.28790000
2023-09-06 19:00:00,1628.09000000,1633.13000000,1626.08000000,1631.00000000,4146.46750000
2023-09-06 19:30:00,1630.99000000,1632.95000000,1629.87000000,1631.26000000,2027.79310000
2023-09-06 20:00:00,1631.27000000,1633.65000000,1629.55000000,1629.80000000,1971.67010000
2023-09-06 20:30:00,1629.80000000,1632.22000000,1628.58000000,1628.72000000,2600.97060000
2023-09-06 21:00:00,1628.72000000,1632.62000000,1627.61000000,1632.61000000,2009.89350000
2023-09-06 21:30:00,1632.61000000,1633.33000000,1630.72000000,1632.56000000,1740.04320000
2023-09-06 22:00:00,1632.56000000,1635.04000000,1631.72000000,1632.91000000,1734.48800000
2023-09-06 22:30:00,1632.91000000,1633.30000000,1631.56000000,1631.62000000,1452.58890000
2023-09-06 23:00:00,1631.62000000,1634.39000000,1631.23000000,1633.48000000,1272.31000000
2023-09-06 23:30:00,1633.49000000,1634.15000000,1632.34000000,1633.15000000,927.43040000
2023-09-07 00:00:00,1633.15000000,1633.35000000,1631.93000000,1632.49000000,1138.42680000
2023-09-07 00:30:00,1632.50000000,1633.87000000,1632.49000000,1633.87000000,1149.58680000
2023-09-07 01:00:00,1633.86000000,1634.55000000,1632.81000000,1632.83000000,1385.99180000
2023-09-07 01:30:00,1632.83000000,1634.06000000,1631.96000000,1634.04000000,1634.00140000
2023-09-07 02:00:00,1634.03000000,1639.05000000,1631.80000000,1636.65000000,19398.36010000
2023-09-07 02:30:00,1636.66000000,1636.93000000,1633.00000000,1633.80000000,11378.31080000
2023-09-07 03:00:00,1633.80000000,1637.06000000,1633.31000000,1636.36000000,4859.48060000
2023-09-07 03:30:00,1636.35000000,1640.11000000,1635.93000000,1640.10000000,5283.20840000
2023-09-07 04:00:00,1640.10000000,1642.47000000,1637.72000000,1637.87000000,4477.03640000
2023-09-07 04:30:00,1637.87000000,1640.62000000,1637.43000000,1639.52000000,3882.85800000
2023-09-07 05:00:00,1639.52000000,1640.57000000,1637.77000000,1637.79000000,1088.26530000
2023-09-07 05:30:00,1637.79000000,1639.70000000,1637.78000000,1638.50000000,1757.47830000
2023-09-07 06:00:00,1638.50000000,1638.94000000,1637.30000000,1638.70000000,2215.53320000
2023-09-07 06:30:00,1638.71000000,1639.07000000,1637.42000000,1637.49000000,1652.13460000
2023-09-07 07:00:00,1637.50000000,1637.50000000,1635.55000000,1635.90000000,2514.70260000
2023-09-07 07:30:00,1635.90000000,1637.57000000,1635.33000000,1635.84000000,2866.67820000
2023-09-07 08:00:00,1635.83000000,1635.84000000,1632.01000000,1632.88000000,4773.14660000
2023-09-07 08:30:00,1632.87000000,1634.00000000,1632.87000000,1633.38000000,1410.09060000
2023-09-07 09:00:00,1633.39000000,1634.00000000,1632.58000000,1633.93000000,1782.90270000
2023-09-07 09:30:00,1633.94000000,1634.39000000,1631.48000000,1632.08000000,1845.55970000
2023-09-07 10:00:00,1632.07000000,1633.46000000,1632.07000000,1632.89000000,1263.80030000
2023-09-07 10:30:00,1632.89000000,1632.89000000,1629.35000000,1630.83000000,3354.62040000
2023-09-07 11:00:00,1630.84000000,1631.60000000,1627.51000000,1627.84000000,3069.43410000
2023-09-07 11:30:00,1627.85000000,1628.78000000,1626.10000000,1627.32000000,2654.86910000
2023-09-07 12:00:00,1627.32000000,1629.78000000,1627.01000000,1629.72000000,2448.22020000
2023-09-07 12:30:00,1629.72000000,1629.72000000,1624.33000000,1626.24000000,5211.50680000
2023-09-07 13:00:00,1626.24000000,1628.19000000,1625.97000000,1627.68000000,2579.86340000
2023-09-07 13:30:00,1627.68000000,1633.48000000,1625.11000000,1625.88000000,5386.92560000
2023-09-07 14:00:00,1625.88000000,1629.78000000,1623.40000000,1627.12000000,5594.76490000
2023-09-07 14:30:00,1627.11000000,1632.41000000,1624.00000000,1632.22000000,5308.20880000
2023-09-07 15:00:00,1632.22000000,1633.89000000,1629.57000000,1629.61000000,7424.89090000
2023-09-07 15:30:00,1629.62000000,1632.39000000,1628.96000000,1630.52000000,3159.12370000
2023-09-07 16:00:00,1630.52000000,1635.28000000,1629.74000000,1633.45000000,3805.73500000
2023-09-07 16:30:00,1633.46000000,1641.00000000,1633.25000000,1634.12000000,7874.45270000
2023-09-07 17:00:00,1634.12000000,1635.25000000,1631.49000000,1635.02000000,4010.08520000
2023-09-07 17:30:00,1635.02000000,1640.00000000,1634.40000000,1639.10000000,3831.31340000
2023-09-07 18:00:00,1639.10000000,1641.18000000,1636.00000000,1636.01000000,3581.67920000
2023-09-07 18:30:00,1636.00000000,1636.90000000,1634.58000000,1636.56000000,2790.56630000
2023-09-07 19:00:00,1636.55000000,1637.11000000,1633.15000000,1635.71000000,2229.76560000
2023-09-07 19:30:00,1635.72000000,1637.77000000,1634.75000000,1637.30000000,2724.84820000
2023-09-07 20:00:00,1637.29000000,1638.82000000,1635.72000000,1637.45000000,3384.17150000
2023-09-07 20:30:00,1637.45000000,1639.59000000,1636.01000000,1638.96000000,6399.04640000
2023-09-07 21:00:00,1638.95000000,1660.00000000,1638.95000000,1646.70000000,37557.37850000
2023-09-07 21:30:00,1646.70000000,1648.59000000,1643.23000000,1646.33000000,5828.43310000
2023-09-07 22:00:00,1646.32000000,1650.46000000,1646.32000000,1648.88000000,4005.63870000
2023-09-07 22:30:00,1648.89000000,1654.86000000,1648.25000000,1650.50000000,8724.09120000
2023-09-07 23:00:00,1650.50000000,1652.38000000,1644.96000000,1646.35000000,3983.51950000
2023-09-07 23:30:00,1646.35000000,1648.71000000,1644.34000000,1648.11000000,3877.57260000
2023-09-08 00:00:00,1648.11000000,1648.14000000,1644.90000000,1647.02000000,4241.92060000
2023-09-08 00:30:00,1647.03000000,1658.93000000,1647.02000000,1654.90000000,5367.48210000
2023-09-08 01:00:00,1654.90000000,1657.33000000,1650.12000000,1650.26000000,3712.87360000
2023-09-08 01:30:00,1650.25000000,1651.34000000,1647.10000000,1647.15000000,2905.36380000
2023-09-08 02:00:00,1647.14000000,1647.87000000,1645.60000000,1646.91000000,1676.51730000
2023-09-08 02:30:00,1646.92000000,1646.92000000,1643.88000000,1645.55000000,2085.45580000
2023-09-08 03:00:00,1645.56000000,1646.68000000,1644.32000000,1645.64000000,1520.15120000
2023-09-08 03:30:00,1645.63000000,1647.31000000,1645.63000000,1646.52000000,1386.91780000
2023-09-08 04:00:00,1646.52000000,1648.00000000,1646.52000000,1647.33000000,1584.16930000
2023-09-08 04:30:00,1647.33000000,1653.51000000,1646.39000000,1651.66000000,16437.66520000
2023-09-08 05:00:00,1651.65000000,1654.04000000,1646.74000000,1650.79000000,25006.09370000
2023-09-08 05:30:00,1650.80000000,1652.09000000,1645.55000000,1645.55000000,8660.36550000
2023-09-08 06:00:00,1645.55000000,1646.50000000,1644.78000000,1646.29000000,2911.67810000
2023-09-08 06:30:00,1646.29000000,1646.36000000,1643.16000000,1645.68000000,2144.89300000
2023-09-08 07:00:00,1645.68000000,1648.57000000,1644.70000000,1648.44000000,2494.41740000
2023-09-08 07:30:00,1648.44000000,1648.44000000,1645.86000000,1646.88000000,3929.05470000
2023-09-08 08:00:00,1646.88000000,1647.59000000,1643.89000000,1644.86000000,3217.43400000
2023-09-08 08:30:00,1644.87000000,1646.03000000,1643.60000000,1645.44000000,3721.66650000
2023-09-08 09:00:00,1645.43000000,1645.44000000,1641.61000000,1642.84000000,4080.76820000
2023-09-08 09:30:00,1642.83000000,1643.11000000,1634.12000000,1635.64000000,9327.52490000
2023-09-08 10:00:00,1635.63000000,1635.64000000,1616.21000000,1625.64000000,32528.01090000
2023-09-08 10:30:00,1625.64000000,1627.57000000,1624.26000000,1626.63000000,4408.47700000
2023-09-08 11:00:00,1626.63000000,1628.36000000,1625.55000000,1626.15000000,3035.43630000
2023-09-08 11:30:00,1626.15000000,1626.78000000,1624.53000000,1626.02000000,2738.00830000
2023-09-08 12:00:00,1626.02000000,1628.66000000,1624.44000000,1628.49000000,3461.03710000
2023-09-08 12:30:00,1628.50000000,1631.53000000,1628.30000000,1628.89000000,2532.18520000
2023-09-08 13:00:00,1628.89000000,1629.80000000,1628.11000000,1629.50000000,1598.40210000
2023-09-08 13:30:00,1629.50000000,1634.72000000,1629.46000000,1631.23000000,5134.07870000
2023-09-08 14:00:00,1631.23000000,1633.76000000,1630.20000000,1633.58000000,3294.77000000
2023-09-08 14:30:00,1633.57000000,1633.58000000,1629.55000000,1629.56000000,3097.50370000
2023-09-08 15:00:00,1629.56000000,1632.76000000,1629.16000000,1630.66000000,3125.24340000
2023-09-08 15:30:00,1630.66000000,1632.02000000,1627.02000000,1628.62000000,4987.75070000
2023-09-08 16:00:00,1628.61000000,1631.70000000,1627.83000000,1629.70000000,5084.26110000
2023-09-08 16:30:00,1629.71000000,1630.52000000,1624.65000000,1628.00000000,8877.83570000
2023-09-08 17:00:00,1628.00000000,1628.75000000,1625.49000000,1628.35000000,2281.01790000
2023-09-08 17:30:00,1628.35000000,1630.45000000,1627.15000000,1629.96000000,2512.27030000
2023-09-08 18:00:00,1629.95000000,1630.98000000,1627.99000000,1627.99000000,1366.81230000
2023-09-08 18:30:00,1628.00000000,1629.52000000,1626.24000000,1627.72000000,2176.72260000
2023-09-08 19:00:00,1627.72000000,1632.54000000,1626.70000000,1632.15000000,3557.58340000
2023-09-08 19:30:00,1632.14000000,1635.17000000,1632.13000000,1634.60000000,3634.34780000
2023-09-08 20:00:00,1634.61000000,1635.21000000,1633.16000000,1634.64000000,2171.22390000
2023-09-08 20:30:00,1634.63000000,1637.00000000,1634.43000000,1636.99000000,2538.15250000
2023-09-08 21:00:00,1636.99000000,1637.71000000,1634.79000000,1635.40000000,3786.56240000
2023-09-08 21:30:00,1635.39000000,1635.93000000,1634.28000000,1634.46000000,1020.77920000
2023-09-08 22:00:00,1634.46000000,1636.21000000,1634.45000000,1634.92000000,1103.04400000
2023-09-08 22:30:00,1634.92000000,1636.19000000,1634.91000000,1635.90000000,865.83770000
2023-09-08 23:00:00,1635.91000000,1639.00000000,1635.30000000,1637.75000000,3242.87770000
2023-09-08 23:30:00,1637.75000000,1637.76000000,1636.32000000,1636.44000000,997.40120000
2023-09-09 00:00:00,1636.43000000,1636.98000000,1636.35000000,1636.72000000,666.73520000
2023-09-09 00:30:00,1636.71000000,1636.86000000,1634.96000000,1634.97000000,866.66260000
2023-09-09 01:00:00,1634.97000000,1635.99000000,1634.90000000,1635.09000000,633.78700000
2023-09-09 01:30:00,1635.10000000,1636.53000000,1635.09000000,1635.91000000,814.34210000
2023-09-09 02:00:00,1635.91000000,1636.43000000,1635.06000000,1635.40000000,1325.43980000
2023-09-09 02:30:00,1635.40000000,1636.03000000,1635.03000000,1635.52000000,766.13380000
2023-09-09 03:00:00,1635.52000000,1635.53000000,1633.52000000,1634.01000000,862.21550000
2023-09-09 03:30:00,1634.02000000,1634.70000000,1633.81000000,1634.47000000,594.31160000
2023-09-09 04:00:00,1634.48000000,1634.48000000,1632.01000000,1633.10000000,1164.97780000
2023-09-09 04:30:00,1633.11000000,1633.63000000,1632.92000000,1633.40000000,725.74620000
2023-09-09 05:00:00,1633.41000000,1634.55000000,1633.40000000,1634.16000000,881.46130000
2023-09-09 05:30:00,1634.16000000,1634.86000000,1632.24000000,1632.55000000,1607.10380000
2023-09-09 06:00:00,1632.55000000,1633.50000000,1631.97000000,1633.15000000,1816.91390000
2023-09-09 06:30:00,1633.14000000,1635.60000000,1633.14000000,1635.59000000,913.50800000
2023-09-09 07:00:00,1635.60000000,1635.80000000,1634.49000000,1634.88000000,883.52680000
2023-09-09 07:30:00,1634.87000000,1634.97000000,1634.02000000,1634.54000000,675.82380000
2023-09-09 08:00:00,1634.54000000,1635.17000000,1633.71000000,1633.72000000,1084.32540000
2023-09-09 08:30:00,1633.72000000,1635.26000000,1633.46000000,1634.29000000,1676.65410000
2023-09-09 09:00:00,1634.29000000,1634.81000000,1633.46000000,1634.81000000,1003.26440000
2023-09-09 09:30:00,1634.80000000,1636.10000000,1634.80000000,1634.94000000,1601.70310000
2023-09-09 10:00:00,1634.94000000,1635.25000000,1634.03000000,1634.04000000,1806.21360000
2023-09-09 10:30:00,1634.05000000,1634.59000000,1633.48000000,1634.32000000,1299.43590000
2023-09-09 11:00:00,1634.31000000,1634.43000000,1633.75000000,1634.13000000,976.21180000
2023-09-09 11:30:00,1634.12000000,1635.79000000,1634.12000000,1635.24000000,1230.70480000
2023-09-09 12:00:00,1635.25000000,1635.68000000,1634.63000000,1635.56000000,1023.75210000
2023-09-09 12:30:00,1635.56000000,1635.57000000,1634.11000000,1634.66000000,1617.59180000
2023-09-09 13:00:00,1634.67000000,1634.67000000,1632.24000000,1632.72000000,1710.05060000
2023-09-09 13:30:00,1632.72000000,1632.73000000,1629.74000000,1631.10000000,5351.94160000
2023-09-09 14:00:00,1631.10000000,1632.37000000,1629.90000000,1631.85000000,2708.32130000
2023-09-09 14:30:00,1631.86000000,1633.35000000,1631.01000000,1632.81000000,1270.18280000
2023-09-09 15:00:00,1632.81000000,1637.45000000,1632.76000000,1634.66000000,3193.75560000
2023-09-09 15:30:00,1634.66000000,1636.28000000,1633.97000000,1635.17000000,2035.42130000
2023-09-09 16:00:00,1635.18000000,1635.92000000,1634.79000000,1635.69000000,1187.28380000
2023-09-09 16:30:00,1635.69000000,1637.52000000,1634.63000000,1635.30000000,1258.31220000
2023-09-09 17:00:00,1635.29000000,1635.80000000,1634.67000000,1634.67000000,1069.05760000
2023-09-09 17:30:00,1634.68000000,1634.68000000,1633.82000000,1634.23000000,663.92850000
2023-09-09 18:00:00,1634.24000000,1634.24000000,1633.01000000,1633.20000000,578.65530000
2023-09-09 18:30:00,1633.20000000,1633.49000000,1632.32000000,1633.13000000,917.69010000
2023-09-09 19:00:00,1633.13000000,1633.73000000,1632.60000000,1633.68000000,742.07000000
2023-09-09 19:30:00,1633.68000000,1634.42000000,1633.19000000,1633.99000000,883.16790000
2023-09-09 20:00:00,1634.00000000,1634.85000000,1633.77000000,1634.50000000,1310.52620000
2023-09-09 20:30:00,1634.49000000,1634.50000000,1633.66000000,1633.68000000,493.85570000
2023-09-09 21:00:00,1633.69000000,1635.70000000,1633.68000000,1634.71000000,704.69410000
2023-09-09 21:30:00,1634.70000000,1635.48000000,1634.16000000,1635.47000000,623.20620000
2023-09-09 22:00:00,1635.48000000,1636.91000000,1634.99000000,1636.79000000,1234.95360000
2023-09-09 22:30:00,1636.79000000,1636.90000000,1635.48000000,1635.49000000,883.37520000
2023-09-09 23:00:00,1635.48000000,1635.89000000,1634.96000000,1634.96000000,546.31560000
2023-09-09 23:30:00,1634.96000000,1635.54000000,1634.82000000,1635.54000000,634.31150000
2023-09-10 00:00:00,1635.53000000,1635.70000000,1630.41000000,1631.91000000,2701.91300000
2023-09-10 00:30:00,1631.92000000,1632.45000000,1631.33000000,1632.08000000,830.31650000
2023-09-10 01:00:00,1632.08000000,1632.09000000,1626.80000000,1629.57000000,3027.41500000
2023-09-10 01:30:00,1629.58000000,1631.24000000,1628.61000000,1631.10000000,1251.73810000
2023-09-10 02:00:00,1631.09000000,1631.61000000,1630.16000000,1630.40000000,1251.97820000
2023-09-10 02:30:00,1630.40000000,1631.53000000,1629.96000000,1630.95000000,845.49810000
2023-09-10 03:00:00,1630.95000000,1631.24000000,1630.00000000,1630.01000000,618.61990000
2023-09-10 03:30:00,1630.01000000,1631.77000000,1629.76000000,1631.25000000,1671.76130000
2023-09-10 04:00:00,1631.25000000,1631.25000000,1619.66000000,1621.60000000,14924.37490000
2023-09-10 04:30:00,1621.59000000,1626.01000000,1618.23000000,1625.28000000,4635.72970000
2023-09-10 05:00:00,1625.28000000,1626.20000000,1622.92000000,1626.20000000,3362.00160000
2023-09-10 05:30:00,1626.19000000,1626.20000000,1624.29000000,1625.83000000,1714.22050000
2023-09-10 06:00:00,1625.83000000,1628.09000000,1625.64000000,1627.71000000,1422.45150000
2023-09-10 06:30:00,1627.71000000,1627.71000000,1626.43000000,1626.74000000,1102.28410000
2023-09-10 07:00:00,1626.73000000,1627.17000000,1625.80000000,1626.42000000,1126.82270000
2023-09-10 07:30:00,1626.43000000,1626.44000000,1624.46000000,1624.87000000,1643.79740000
2023-09-10 08:00:00,1624.87000000,1624.88000000,1622.68000000,1624.38000000,2986.28790000
2023-09-10 08:30:00,1624.38000000,1625.57000000,1623.46000000,1625.47000000,1462.97580000
2023-09-10 09:00:00,1625.46000000,1626.48000000,1624.29000000,1625.47000000,1083.40310000
2023-09-10 09:30:00,1625.46000000,1625.83000000,1622.62000000,1623.50000000,1743.72610000
2023-09-10 10:00:00,1623.50000000,1623.72000000,1622.35000000,1623.65000000,1666.70110000
2023-09-10 10:30:00,1623.65000000,1623.75000000,1622.01000000,1622.02000000,2034.94870000
2023-09-10 11:00:00,1622.01000000,1624.70000000,1619.25000000,1623.99000000,3265.71640000
2023-09-10 11:30:00,1623.98000000,1626.47000000,1623.83000000,1624.43000000,2466.24850000
2023-09-10 12:00:00,1624.44000000,1626.38000000,1624.43000000,1625.79000000,2680.45100000
2023-09-10 12:30:00,1625.80000000,1626.75000000,1625.26000000,1626.05000000,1810.60460000
2023-09-10 13:00:00,1626.05000000,1626.05000000,1624.00000000,1625.62000000,2211.76110000
2023-09-10 13:30:00,1625.61000000,1628.35000000,1623.86000000,1626.87000000,4112.71890000
2023-09-10 14:00:00,1626.86000000,1627.49000000,1625.06000000,1625.06000000,1230.64080000
2023-09-10 14:30:00,1625.07000000,1625.18000000,1620.97000000,1622.43000000,3947.70660000
2023-09-10 15:00:00,1622.43000000,1622.64000000,1611.19000000,1616.25000000,14550.37970000
2023-09-10 15:30:00,1616.26000000,1621.09000000,1616.17000000,1619.80000000,3182.81350000
2023-09-10 16:00:00,1619.80000000,1620.09000000,1613.00000000,1615.45000000,4081.86910000
2023-09-10 16:30:00,1615.45000000,1615.83000000,1600.00000000,1613.48000000,29419.51890000
2023-09-10 17:00:00,1613.47000000,1613.96000000,1602.30000000,1608.24000000,13268.18080000
2023-09-10 17:30:00,1608.24000000,1609.95000000,1606.17000000,1608.49000000,4251.80820000
2023-09-10 18:00:00,1608.49000000,1614.28000000,1607.85000000,1613.52000000,3622.79380000
2023-09-10 18:30:00,1613.52000000,1614.04000000,1611.71000000,1612.25000000,2121.89630000
2023-09-10 19:00:00,1612.24000000,1613.21000000,1610.75000000,1610.91000000,1072.69460000
2023-09-10 19:30:00,1610.91000000,1619.76000000,1602.85000000,1616.84000000,16103.59000000
2023-09-10 20:00:00,1616.84000000,1626.15000000,1614.52000000,1621.81000000,15467.79850000
2023-09-10 20:30:00,1621.81000000,1621.84000000,1617.58000000,1619.24000000,4858.19900000
2023-09-10 21:00:00,1619.23000000,1628.23000000,1618.88000000,1624.84000000,7577.58360000
2023-09-10 21:30:00,1624.83000000,1625.00000000,1621.26000000,1623.72000000,2698.44460000
2023-09-10 22:00:00,1623.71000000,1624.91000000,1621.26000000,1623.39000000,3326.56190000
2023-09-10 22:30:00,1623.39000000,1627.45000000,1619.46000000,1619.46000000,4892.69730000
2023-09-10 23:00:00,1619.47000000,1620.00000000,1616.91000000,1616.98000000,1497.47850000
2023-09-10 23:30:00,1616.97000000,1618.75000000,1616.53000000,1617.42000000,1128.72140000
2023-09-11 00:00:00,1617.42000000,1619.00000000,1614.60000000,1615.37000000,2240.95220000
2023-09-11 00:30:00,1615.36000000,1616.04000000,1603.22000000,1609.98000000,9586.04860000
2023-09-11 01:00:00,1609.97000000,1612.65000000,1609.57000000,1609.69000000,2949.62540000
2023-09-11 01:30:00,1609.70000000,1611.03000000,1606.47000000,1608.65000000,2795.72400000
2023-09-11 02:00:00,1608.66000000,1611.11000000,1606.69000000,1611.10000000,2095.47240000
2023-09-11 02:30:00,1611.11000000,1612.81000000,1610.82000000,1612.64000000,1855.06020000
2023-09-11 03:00:00,1612.65000000,1614.76000000,1612.23000000,1612.29000000,1565.49310000
2023-09-11 03:30:00,1612.28000000,1613.31000000,1612.16000000,1612.41000000,1771.65480000
2023-09-11 04:00:00,1612.40000000,1612.41000000,1608.00000000,1610.17000000,3970.11860000
2023-09-11 04:30:00,1610.17000000,1611.91000000,1609.75000000,1611.90000000,1992.99180000
2023-09-11 05:00:00,1611.89000000,1612.29000000,1611.27000000,1611.45000000,1107.34200000
2023-09-11 05:30:00,1611.45000000,1617.38000000,1611.33000000,1617.37000000,4098.57790000
2023-09-11 06:00:00,1617.38000000,1617.96000000,1615.66000000,1615.79000000,2393.09970000
2023-09-11 06:30:00,1615.79000000,1616.98000000,1614.50000000,1615.49000000,3449.10200000
2023-09-11 07:00:00,1615.48000000,1615.91000000,1612.50000000,1612.86000000,3441.69200000
2023-09-11 07:30:00,1612.85000000,1612.96000000,1611.26000000,1612.23000000,2105.58640000
2023-09-11 08:00:00,1612.22000000,1612.60000000,1605.04000000,1605.88000000,5352.16440000
2023-09-11 08:30:00,1605.87000000,1609.51000000,1603.90000000,1607.13000000,7076.81290000
2023-09-11 09:00:00,1607.13000000,1608.22000000,1581.47000000,1592.06000000,29102.21870000
2023-09-11 09:30:00,1592.05000000,1597.30000000,1589.76000000,1593.93000000,7629.05400000
2023-09-11 10:00:00,1593.93000000,1593.98000000,1575.53000000,1584.17000000,26975.18200000
2023-09-11 10:30:00,1584.17000000,1592.05000000,1582.30000000,1589.73000000,11088.47130000
2023-09-11 11:00:00,1589.72000000,1590.41000000,1585.65000000,1586.42000000,5563.42720000
2023-09-11 11:30:00,1586.41000000,1589.92000000,1586.00000000,1586.53000000,4145.16300000
2023-09-11 12:00:00,1586.54000000,1589.44000000,1585.13000000,1587.47000000,6140.75840000
2023-09-11 12:30:00,1587.47000000,1594.73000000,1587.21000000,1594.16000000,7437.88040000
2023-09-11 13:00:00,1594.16000000,1595.81000000,1591.54000000,1593.56000000,4511.29060000
2023-09-11 13:30:00,1593.56000000,1598.34000000,1587.72000000,1588.30000000,8361.32250000
2023-09-11 14:00:00,1588.31000000,1590.07000000,1566.68000000,1578.88000000,42865.64470000
2023-09-11 14:30:00,1578.89000000,1582.60000000,1550.00000000,1559.11000000,48579.25490000
2023-09-11 15:00:00,1559.10000000,1565.47000000,1551.36000000,1560.47000000,19528.68630000
2023-09-11 15:30:00,1560.48000000,1564.12000000,1559.05000000,1562.65000000,8644.62180000
2023-09-11 16:00:00,1562.64000000,1568.06000000,1559.87000000,1563.84000000,9929.29260000
2023-09-11 16:30:00,1563.84000000,1564.01000000,1557.75000000,1558.10000000,8369.35060000
2023-09-11 17:00:00,1558.10000000,1559.51000000,1551.76000000,1557.03000000,9758.45250000
2023-09-11 17:30:00,1557.04000000,1564.15000000,1556.66000000,1564.14000000,5429.64510000
2023-09-11 18:00:00,1564.15000000,1564.15000000,1560.22000000,1561.03000000,3146.75230000
2023-09-11 18:30:00,1561.03000000,1562.25000000,1555.15000000,1556.05000000,4643.23020000
2023-09-11 19:00:00,1556.06000000,1557.02000000,1536.83000000,1549.82000000,21413.31290000
2023-09-11 19:30:00,1549.81000000,1550.41000000,1537.73000000,1539.37000000,17936.92930000
2023-09-11 20:00:00,1539.36000000,1546.27000000,1531.01000000,1542.88000000,17700.97850000
2023-09-11 20:30:00,1542.88000000,1544.68000000,1540.58000000,1541.82000000,4846.83440000
2023-09-11 21:00:00,1541.82000000,1548.29000000,1538.89000000,1545.75000000,7128.48460000
2023-09-11 21:30:00,1545.76000000,1547.15000000,1541.76000000,1544.03000000,1968.32710000
2023-09-11 22:00:00,1544.02000000,1549.00000000,1544.02000000,1548.61000000,3336.82680000
2023-09-11 22:30:00,1548.61000000,1549.53000000,1547.15000000,1547.92000000,3349.87740000
2023-09-11 23:00:00,1547.93000000,1550.48000000,1545.83000000,1547.90000000,4448.54540000
2023-09-11 23:30:00,1547.90000000,1552.03000000,1547.89000000,1551.85000000,3597.48500000
2023-09-12 00:00:00,1551.84000000,1552.74000000,1549.67000000,1550.87000000,2609.30500000
2023-09-12 00:30:00,1550.87000000,1559.25000000,1549.71000000,1557.35000000,6113.66770000
2023-09-12 01:00:00,1557.36000000,1558.26000000,1552.70000000,1553.43000000,2821.24800000
2023-09-12 01:30:00,1553.44000000,1554.00000000,1552.12000000,1552.43000000,2148.72600000
2023-09-12 02:00:00,1552.44000000,1554.51000000,1552.09000000,1554.12000000,1395.89270000
2023-09-12 02:30:00,1554.13000000,1558.97000000,1553.78000000,1557.45000000,5397.16630000
2023-09-12 03:00:00,1557.45000000,1594.82000000,1557.44000000,1592.50000000,33333.11540000
2023-09-12 03:30:00,1592.51000000,1593.79000000,1580.72000000,1584.81000000,11354.15600000
2023-09-12 04:00:00,1584.80000000,1593.50000000,1584.34000000,1586.86000000,13140.98740000
2023-09-12 04:30:00,1586.86000000,1588.40000000,1581.43000000,1582.44000000,8513.44440000
2023-09-12 05:00:00,1582.44000000,1582.91000000,1576.52000000,1576.91000000,8136.32230000
2023-09-12 05:30:00,1576.91000000,1581.31000000,1576.28000000,1580.83000000,3414.25930000
2023-09-12 06:00:00,1580.83000000,1585.02000000,1579.21000000,1580.17000000,5965.15560000
2023-09-12 06:30:00,1580.18000000,1580.95000000,1578.34000000,1579.02000000,3441.38880000
2023-09-12 07:00:00,1579.02000000,1581.57000000,1574.44000000,1575.93000000,3188.82790000
2023-09-12 07:30:00,1575.92000000,1581.77000000,1575.92000000,1580.05000000,4360.19690000
2023-09-12 08:00:00,1580.04000000,1584.13000000,1578.57000000,1580.69000000,3119.33570000
2023-09-12 08:30:00,1580.70000000,1581.12000000,1576.42000000,1577.86000000,2236.32160000
2023-09-12 09:00:00,1577.85000000,1581.42000000,1576.38000000,1581.30000000,3265.39600000
2023-09-12 09:30:00,1581.31000000,1590.57000000,1580.36000000,1589.19000000,8192.09570000
2023-09-12 10:00:00,1589.20000000,1626.00000000,1586.63000000,1613.06000000,34907.07890000
2023-09-12 10:30:00,1613.07000000,1614.89000000,1605.10000000,1613.39000000,16084.55910000
2023-09-12 11:00:00,1613.40000000,1615.49000000,1608.76000000,1610.28000000,7613.76620000
2023-09-12 11:30:00,1610.28000000,1610.28000000,1606.41000000,1609.48000000,2967.55300000
2023-09-12 12:00:00,1609.48000000,1612.02000000,1607.10000000,1608.95000000,3520.94040000
2023-09-12 12:30:00,1608.96000000,1611.49000000,1603.76000000,1604.47000000,8265.15330000
2023-09-12 13:00:00,1604.46000000,1605.39000000,1595.07000000,1599.25000000,8934.11590000
2023-09-12 13:30:00,1599.26000000,1609.60000000,1596.85000000,1608.42000000,8657.73210000
2023-09-12 14:00:00,1608.43000000,1613.55000000,1600.26000000,1603.16000000,9071.96950000
2023-09-12 14:30:00,1603.16000000,1607.00000000,1594.95000000,1597.62000000,8610.00980000
2023-09-12 15:00:00,1597.63000000,1603.37000000,1597.61000000,1603.03000000,4882.02530000
2023-09-12 15:30:00,1603.03000000,1605.55000000,1601.54000000,1603.85000000,4167.34310000
2023-09-12 16:00:00,1603.84000000,1610.97000000,1601.63000000,1610.13000000,6527.45790000
2023-09-12 16:30:00,1610.13000000,1622.00000000,1596.34000000,1598.94000000,19299.10590000
2023-09-12 17:00:00,1598.94000000,1602.63000000,1584.57000000,1593.35000000,12690.44280000
2023-09-12 17:30:00,1593.36000000,1595.87000000,1586.12000000,1586.13000000,4760.26470000
2023-09-12 18:00:00,1586.12000000,1593.37000000,1584.94000000,1591.93000000,3779.06830000
2023-09-12 18:30:00,1591.93000000,1593.39000000,1590.57000000,1593.22000000,1649.86780000
2023-09-12 19:00:00,1593.22000000,1609.21000000,1593.21000000,1599.42000000,11113.69430000
2023-09-12 19:30:00,1599.42000000,1600.98000000,1598.10000000,1598.51000000,1944.63170000
2023-09-12 20:00:00,1598.51000000,1600.74000000,1597.43000000,1599.60000000,1335.93710000
2023-09-12 20:30:00,1599.60000000,1601.25000000,1598.76000000,1598.76000000,1332.37150000
2023-09-12 21:00:00,1598.76000000,1604.31000000,1597.61000000,1602.54000000,2248.52070000
2023-09-12 21:30:00,1602.54000000,1602.55000000,1599.84000000,1601.29000000,1093.50340000
2023-09-12 22:00:00,1601.30000000,1601.30000000,1595.86000000,1596.49000000,3558.10900000
2023-09-12 22:30:00,1596.50000000,1598.40000000,1596.49000000,1597.08000000,1215.09980000
2023-09-12 23:00:00,1597.07000000,1597.08000000,1590.02000000,1595.17000000,4915.24070000
2023-09-12 23:30:00,1595.18000000,1596.80000000,1591.88000000,1592.97000000,2447.39760000
2023-09-13 00:00:00,1592.97000000,1596.68000000,1589.17000000,1596.11000000,3374.68520000
2023-09-13 00:30:00,1596.11000000,1601.29000000,1595.71000000,1597.16000000,3918.79990000
2023-09-13 01:00:00,1597.15000000,1600.75000000,1595.73000000,1599.04000000,2950.74710000
2023-09-13 01:30:00,1599.05000000,1600.06000000,1596.82000000,1599.02000000,2843.57060000
2023-09-13 02:00:00,1599.02000000,1599.57000000,1596.50000000,1597.83000000,2473.00860000
2023-09-13 02:30:00,1597.83000000,1597.84000000,1594.16000000,1594.33000000,2278.36110000
2023-09-13 03:00:00,1594.32000000,1595.93000000,1590.57000000,1590.57000000,2596.74290000
2023-09-13 03:30:00,1590.57000000,1592.35000000,1586.81000000,1589.77000000,2884.05400000
2023-09-13 04:00:00,1589.77000000,1592.00000000,1588.05000000,1591.02000000,2910.61450000
2023-09-13 04:30:00,1591.01000000,1592.02000000,1590.13000000,1590.91000000,1864.06850000
2023-09-13 05:00:00,1590.90000000,1590.99000000,1582.13000000,1584.47000000,6131.33560000
2023-09-13 05:30:00,1584.48000000,1585.53000000,1581.88000000,1584.52000000,2402.49290000
2023-09-13 06:00:00,1584.53000000,1585.16000000,1581.99000000,1585.04000000,1990.31550000
2023-09-13 06:30:00,1585.03000000,1589.17000000,1584.45000000,1587.75000000,3624.07990000
2023-09-13 07:00:00,1587.76000000,1589.88000000,1587.75000000,1588.44000000,2409.16060000
2023-09-13 07:30:00,1588.45000000,1603.60000000,1583.05000000,1584.51000000,24468.58450000
2023-09-13 08:00:00,1584.51000000,1594.07000000,1583.25000000,1593.17000000,3803.45710000
2023-09-13 08:30:00,1593.17000000,1594.39000000,1591.80000000,1592.65000000,2440.54520000
2023-09-13 09:00:00,1592.65000000,1597.79000000,1591.01000000,1596.27000000,4969.44970000
2023-09-13 09:30:00,1596.26000000,1602.44000000,1595.28000000,1600.56000000,7371.65940000
2023-09-13 10:00:00,1600.57000000,1604.16000000,1595.61000000,1595.61000000,10280.95080000
2023-09-13 10:30:00,1595.61000000,1600.01000000,1595.61000000,1599.99000000,7677.86950000
2023-09-13 11:00:00,1600.00000000,1602.79000000,1597.31000000,1601.92000000,2870.16840000
2023-09-13 11:30:00,1601.91000000,1607.05000000,1601.86000000,1604.59000000,3791.94690000
2023-09-13 12:00:00,1604.58000000,1605.35000000,1601.34000000,1601.79000000,3287.39110000
2023-09-13 12:30:00,1601.80000000,1603.36000000,1592.20000000,1601.10000000,12061.59310000
2023-09-13 13:00:00,1601.10000000,1602.19000000,1595.09000000,1595.26000000,3353.91390000
2023-09-13 13:30:00,1595.27000000,1600.00000000,1592.34000000,1595.33000000,5689.92990000
2023-09-13 14:00:00,1595.32000000,1601.54000000,1592.40000000,1600.30000000,3127.43410000
2023-09-13 14:30:00,1600.30000000,1611.52000000,1600.30000000,1603.85000000,11025.99470000
2023-09-13 15:00:00,1603.85000000,1619.30000000,1602.27000000,1610.20000000,9113.97380000
2023-09-13 15:30:00,1610.21000000,1616.39000000,1607.13000000,1608.17000000,7632.09320000
2023-09-13 16:00:00,1608.17000000,1615.76000000,1606.06000000,1614.36000000,6558.99280000
2023-09-13 16:30:00,1614.37000000,1615.72000000,1609.16000000,1609.44000000,4149.24550000
2023-09-13 17:00:00,1609.44000000,1611.05000000,1600.65000000,1603.14000000,8199.66670000
2023-09-13 17:30:00,1603.15000000,1607.46000000,1596.61000000,1597.62000000,11160.45670000
2023-09-13 18:00:00,1597.62000000,1602.44000000,1597.62000000,1600.77000000,3114.31190000
2023-09-13 18:30:00,1600.77000000,1602.53000000,1597.06000000,1599.57000000,3112.61290000
2023-09-13 19:00:00,1599.58000000,1601.66000000,1595.43000000,1601.55000000,3238.38890000
2023-09-13 19:30:00,1601.56000000,1602.98000000,1599.28000000,1599.31000000,2745.36690000
2023-09-13 20:00:00,1599.31000000,1602.90000000,1599.31000000,1601.41000000,1375.58650000
2023-09-13 20:30:00,1601.42000000,1605.69000000,1601.31000000,1603.73000000,2402.07940000
2023-09-13 21:00:00,1603.73000000,1605.58000000,1603.01000000,1605.34000000,1568.39000000
2023-09-13 21:30:00,1605.34000000,1607.13000000,1604.41000000,1604.92000000,2051.77800000
2023-09-13 22:00:00,1604.91000000,1609.21000000,1604.91000000,1608.81000000,1915.11620000
2023-09-13 22:30:00,1608.81000000,1609.07000000,1606.38000000,1606.84000000,1798.67140000
2023-09-13 23:00:00,1606.84000000,1609.85000000,1606.26000000,1606.67000000,1518.62170000
2023-09-13 23:30:00,1606.66000000,1607.74000000,1606.32000000,1607.62000000,881.01120000
2023-09-14 00:00:00,1607.61000000,1609.61000000,1607.05000000,1608.91000000,1698.32040000
2023-09-14 00:30:00,1608.90000000,1636.15000000,1608.66000000,1635.42000000,29554.36110000
2023-09-14 01:00:00,1635.43000000,1638.00000000,1618.72000000,1622.71000000,24514.90460000
2023-09-14 01:30:00,1622.72000000,1627.04000000,1619.66000000,1620.20000000,5317.34370000
2023-09-14 02:00:00,1620.20000000,1622.76000000,1617.65000000,1618.44000000,2739.63830000
2023-09-14 02:30:00,1618.43000000,1623.13000000,1618.41000000,1623.13000000,4169.66170000
2023-09-14 03:00:00,1623.13000000,1623.98000000,1618.84000000,1618.84000000,4231.77880000
2023-09-14 03:30:00,1618.85000000,1620.23000000,1618.37000000,1620.00000000,4183.75780000
2023-09-14 04:00:00,1620.00000000,1621.53000000,1617.29000000,1617.93000000,4027.04440000
2023-09-14 04:30:00,1617.92000000,1618.59000000,1613.67000000,1615.77000000,5289.16660000
2023-09-14 05:00:00,1615.76000000,1618.03000000,1613.06000000,1613.50000000,2093.56460000
2023-09-14 05:30:00,1613.51000000,1614.85000000,1612.39000000,1614.39000000,1911.84720000
2023-09-14 06:00:00,1614.39000000,1617.85000000,1613.32000000,1617.56000000,2471.95770000
2023-09-14 06:30:00,1617.56000000,1619.94000000,1616.45000000,1619.62000000,1769.29950000
2023-09-14 07:00:00,1619.62000000,1619.96000000,1616.42000000,1616.63000000,1869.42170000
2023-09-14 07:30:00,1616.63000000,1625.74000000,1616.49000000,1621.35000000,5984.90360000
2023-09-14 08:00:00,1621.35000000,1622.03000000,1619.02000000,1620.07000000,2495.12880000
2023-09-14 08:30:00,1620.07000000,1622.45000000,1617.32000000,1619.77000000,3557.48070000
2023-09-14 09:00:00,1619.78000000,1620.92000000,1618.21000000,1618.47000000,2263.09730000
2023-09-14 09:30:00,1618.47000000,1619.94000000,1618.07000000,1619.35000000,2852.98280000
2023-09-14 10:00:00,1619.36000000,1622.79000000,1618.63000000,1622.41000000,3638.55430000
2023-09-14 10:30:00,1622.41000000,1622.92000000,1618.11000000,1622.25000000,2368.54540000
2023-09-14 11:00:00,1622.25000000,1625.20000000,1621.76000000,1625.03000000,3231.55020000
2023-09-14 11:30:00,1625.04000000,1627.01000000,1622.61000000,1624.79000000,5241.65630000
2023-09-14 12:00:00,1624.78000000,1629.49000000,1618.27000000,1620.95000000,9690.98250000
2023-09-14 12:30:00,1620.95000000,1624.59000000,1617.07000000,1624.00000000,6561.55350000
2023-09-14 13:00:00,1623.99000000,1635.00000000,1623.56000000,1628.41000000,13799.03840000
2023-09-14 13:30:00,1628.41000000,1632.43000000,1621.20000000,1625.18000000,12504.89550000
2023-09-14 14:00:00,1625.19000000,1630.95000000,1622.41000000,1629.88000000,6382.27960000
2023-09-14 14:30:00,1629.88000000,1637.56000000,1625.49000000,1636.26000000,11365.58850000
2023-09-14 15:00:00,1636.25000000,1644.13000000,1629.08000000,1629.72000000,14362.80780000
2023-09-14 15:30:00,1629.71000000,1635.87000000,1629.51000000,1634.62000000,6847.45220000
2023-09-14 16:00:00,1634.62000000,1635.60000000,1629.07000000,1632.71000000,5290.33710000
2023-09-14 16:30:00,1632.72000000,1635.17000000,1626.71000000,1634.81000000,8461.67030000
2023-09-14 17:00:00,1634.82000000,1637.91000000,1631.85000000,1632.88000000,4217.42210000
2023-09-14 17:30:00,1632.88000000,1637.75000000,1632.17000000,1636.81000000,3453.93150000
2023-09-14 18:00:00,1636.81000000,1639.20000000,1635.14000000,1636.40000000,3089.41650000
2023-09-14 18:30:00,1636.40000000,1644.29000000,1629.62000000,1629.84000000,10359.15800000
2023-09-14 19:00:00,1629.85000000,1633.39000000,1629.41000000,1632.72000000,4673.27850000
2023-09-14 19:30:00,1632.73000000,1636.32000000,1631.08000000,1635.99000000,3182.23680000
2023-09-14 20:00:00,1635.98000000,1638.07000000,1631.10000000,1633.27000000,3721.36730000
2023-09-14 20:30:00,1633.27000000,1633.27000000,1627.47000000,1627.48000000,3860.58240000
2023-09-14 21:00:00,1627.48000000,1630.00000000,1625.60000000,1628.59000000,4272.90270000
2023-09-14 21:30:00,1628.59000000,1629.00000000,1624.27000000,1627.14000000,3241.54040000
2023-09-14 22:00:00,1627.14000000,1631.52000000,1626.07000000,1631.51000000,2818.43380000
2023-09-14 22:30:00,1631.52000000,1632.13000000,1628.99000000,1630.01000000,1956.75410000
2023-09-14 23:00:00,1630.01000000,1631.19000000,1628.10000000,1628.19000000,1699.88330000
2023-09-14 23:30:00,1628.19000000,1628.20000000,1625.32000000,1626.47000000,2011.67020000
2023-09-15 00:00:00,1626.48000000,1626.75000000,1623.36000000,1625.99000000,2549.73160000
2023-09-15 00:30:00,1625.99000000,1629.34000000,1624.00000000,1624.48000000,3196.65090000
2023-09-15 01:00:00,1624.47000000,1626.72000000,1622.36000000,1626.40000000,2118.90650000
2023-09-15 01:30:00,1626.40000000,1627.65000000,1625.16000000,1627.58000000,1660.72920000
2023-09-15 02:00:00,1627.59000000,1635.64000000,1627.58000000,1635.39000000,7094.10700000
2023-09-15 02:30:00,1635.39000000,1635.80000000,1632.25000000,1632.71000000,2817.28170000
2023-09-15 03:00:00,1632.71000000,1634.55000000,1631.08000000,1632.73000000,2235.92540000
2023-09-15 03:30:00,1632.74000000,1635.53000000,1632.73000000,1634.61000000,2749.91240000
2023-09-15 04:00:00,1634.60000000,1635.88000000,1632.19000000,1632.19000000,2421.46030000
2023-09-15 04:30:00,1632.20000000,1634.34000000,1631.21000000,1633.55000000,2027.58030000
2023-09-15 05:00:00,1633.56000000,1634.35000000,1632.41000000,1633.10000000,2041.70080000
2023-09-15 05:30:00,1633.09000000,1633.80000000,1629.25000000,1630.69000000,5250.71420000
2023-09-15 06:00:00,1630.68000000,1631.91000000,1629.25000000,1631.23000000,2281.18480000
2023-09-15 06:30:00,1631.24000000,1631.24000000,1628.50000000,1629.74000000,1991.50270000
2023-09-15 07:00:00,1629.75000000,1630.12000000,1627.08000000,1628.78000000,2216.42780000
2023-09-15 07:30:00,1628.78000000,1629.14000000,1627.00000000,1627.85000000,1698.62960000
2023-09-15 08:00:00,1627.85000000,1628.01000000,1625.58000000,1627.91000000,3183.93520000
2023-09-15 08:30:00,1627.91000000,1629.80000000,1627.90000000,1629.68000000,1929.07870000
2023-09-15 09:00:00,1629.68000000,1632.07000000,1626.86000000,1627.30000000,3085.12170000
2023-09-15 09:30:00,1627.30000000,1631.20000000,1626.99000000,1628.92000000,1873.81210000
2023-09-15 10:00:00,1628.92000000,1630.18000000,1628.01000000,1629.85000000,1678.74540000
2023-09-15 10:30:00,1629.85000000,1630.45000000,1628.63000000,1630.32000000,1484.07420000
2023-09-15 11:00:00,1630.31000000,1630.32000000,1623.44000000,1624.64000000,4099.25580000
2023-09-15 11:30:00,1624.64000000,1625.59000000,1617.75000000,1620.66000000,7017.31730000
2023-09-15 12:00:00,1620.67000000,1624.10000000,1620.01000000,1622.18000000,4763.77020000
2023-09-15 12:30:00,1622.19000000,1622.87000000,1619.37000000,1619.90000000,3927.73950000
